FRANGOLANDIA;-;168454;BEBIDA LACTEA BANDEJA MOR/SF VALEMILK 540G;5,00%
REDE UNIFORCA;DATERRA (IPU);168454;BEBIDA LACTEA BANDEJA MOR/SF VALEMILK 540G;5,00%
REDE UNIFORCA;DATERRA (ITAPIPOCA);168454;BEBIDA LACTEA BANDEJA MOR/SF VALEMILK 540G;5,00%
-;OFERTASSO;168454;BEBIDA LACTEA BANDEJA MOR/SF VALEMILK 540G;5,00%
REDE SEMPRE BEM;-;168454;BEBIDA LACTEA BANDEJA MOR/SF VALEMILK 540G;5,00%
-;CHOCOBALAS;168454;BEBIDA LACTEA BANDEJA MOR/SF VALEMILK 540G;5,00%
REDE POUPE MAX;SUPERMERCADO MAR & SOL;168454;BEBIDA LACTEA BANDEJA MOR/SF VALEMILK 540G;5,00%
REDE EXATA;SUPERMERCADO ECONOMICO;168454;BEBIDA LACTEA BANDEJA MOR/SF VALEMILK 540G;5,00%
-;KALBIR;168454;BEBIDA LACTEA BANDEJA MOR/SF VALEMILK 540G;5,00%
REDE EXATA;-;168454;BEBIDA LACTEA BANDEJA MOR/SF VALEMILK 540G;5,00%
-;CHOCOBALAS;268054;BEBIDA LACTEA BANDEJA MORANGO DIPAULA 510G;5,00%
REDE UNIFORCA;DATERRA (ITAPIPOCA);268054;BEBIDA LACTEA BANDEJA MORANGO DIPAULA 510G;5,00%
REDE UNIFORCA;DATERRA (IPU);268054;BEBIDA LACTEA BANDEJA MORANGO DIPAULA 510G;5,00%
REDE EXATA;SUPERMERCADO ECONOMICO;268054;BEBIDA LACTEA BANDEJA MORANGO DIPAULA 510G;5,00%
-;OFERTASSO;268054;BEBIDA LACTEA BANDEJA MORANGO DIPAULA 510G;5,00%
FRANGOLANDIA;-;268054;BEBIDA LACTEA BANDEJA MORANGO DIPAULA 510G;5,00%
REDE POUPE MAX;SUPERMERCADO MAR & SOL;268054;BEBIDA LACTEA BANDEJA MORANGO DIPAULA 510G;5,00%
-;KALBIR;268054;BEBIDA LACTEA BANDEJA MORANGO DIPAULA 510G;5,00%
REDE SEMPRE BEM;-;268054;BEBIDA LACTEA BANDEJA MORANGO DIPAULA 510G;5,00%
REDE EXATA;-;268054;BEBIDA LACTEA BANDEJA MORANGO DIPAULA 510G;5,00%
FRANGOLANDIA;-;168054;BEBIDA LACTEA BANDEJA MORANGO VALEMILK 540G;5,00%
REDE UNIFORCA;DATERRA (IPU);168054;BEBIDA LACTEA BANDEJA MORANGO VALEMILK 540G;5,00%
REDE UNIFORCA;DATERRA (ITAPIPOCA);168054;BEBIDA LACTEA BANDEJA MORANGO VALEMILK 540G;5,00%
-;OFERTASSO;168054;BEBIDA LACTEA BANDEJA MORANGO VALEMILK 540G;5,00%
REDE SEMPRE BEM;-;168054;BEBIDA LACTEA BANDEJA MORANGO VALEMILK 540G;5,00%
-;CHOCOBALAS;168054;BEBIDA LACTEA BANDEJA MORANGO VALEMILK 540G;5,00%
REDE POUPE MAX;SUPERMERCADO MAR & SOL;168054;BEBIDA LACTEA BANDEJA MORANGO VALEMILK 540G;5,00%
REDE EXATA;SUPERMERCADO ECONOMICO;168054;BEBIDA LACTEA BANDEJA MORANGO VALEMILK 540G;5,00%
-;KALBIR;168054;BEBIDA LACTEA BANDEJA MORANGO VALEMILK 540G;5,00%
REDE EXATA;-;168054;BEBIDA LACTEA BANDEJA MORANGO VALEMILK 540G;5,00%
FRANGOLANDIA;-;138265;BEBIDA LACTEA DE AMEIXA VALEMILK 900G;5,00%
-;CHOCOBALAS;138265;BEBIDA LACTEA DE AMEIXA VALEMILK 900G;5,00%
-;OFERTASSO;138265;BEBIDA LACTEA DE AMEIXA VALEMILK 900G;5,00%
REDE UNIFORCA;DATERRA (ITAPIPOCA);138265;BEBIDA LACTEA DE AMEIXA VALEMILK 900G;5,00%
REDE UNIFORCA;DATERRA (IPU);138265;BEBIDA LACTEA DE AMEIXA VALEMILK 900G;5,00%
REDE POUPE MAX;SUPERMERCADO MAR & SOL;138265;BEBIDA LACTEA DE AMEIXA VALEMILK 900G;5,00%
REDE EXATA;SUPERMERCADO ECONOMICO;138265;BEBIDA LACTEA DE AMEIXA VALEMILK 900G;5,00%
REDE SEMPRE BEM;-;138265;BEBIDA LACTEA DE AMEIXA VALEMILK 900G;5,00%
-;KALBIR;138265;BEBIDA LACTEA DE AMEIXA VALEMILK 900G;5,00%
REDE EXATA;-;138265;BEBIDA LACTEA DE AMEIXA VALEMILK 900G;5,00%
FRANGOLANDIA;-;138365;BEBIDA LACTEA DE GOIABA VALEMILK 900G;5,00%
-;CHOCOBALAS;138365;BEBIDA LACTEA DE GOIABA VALEMILK 900G;5,00%
-;OFERTASSO;138365;BEBIDA LACTEA DE GOIABA VALEMILK 900G;5,00%
REDE UNIFORCA;DATERRA (IPU);138365;BEBIDA LACTEA DE GOIABA VALEMILK 900G;5,00%
REDE UNIFORCA;DATERRA (ITAPIPOCA);138365;BEBIDA LACTEA DE GOIABA VALEMILK 900G;5,00%
REDE POUPE MAX;SUPERMERCADO MAR & SOL;138365;BEBIDA LACTEA DE GOIABA VALEMILK 900G;5,00%
REDE EXATA;SUPERMERCADO ECONOMICO;138365;BEBIDA LACTEA DE GOIABA VALEMILK 900G;5,00%
REDE SEMPRE BEM;-;138365;BEBIDA LACTEA DE GOIABA VALEMILK 900G;5,00%
-;KALBIR;138365;BEBIDA LACTEA DE GOIABA VALEMILK 900G;5,00%
REDE EXATA;-;138365;BEBIDA LACTEA DE GOIABA VALEMILK 900G;5,00%
FRANGOLANDIA;-;138465;BEBIDA LACTEA DE GRAVIOLA VALEMILK 900G;5,00%
-;CHOCOBALAS;138465;BEBIDA LACTEA DE GRAVIOLA VALEMILK 900G;5,00%
REDE UNIFORCA;DATERRA (IPU);138465;BEBIDA LACTEA DE GRAVIOLA VALEMILK 900G;5,00%
REDE UNIFORCA;DATERRA (ITAPIPOCA);138465;BEBIDA LACTEA DE GRAVIOLA VALEMILK 900G;5,00%
-;OFERTASSO;138465;BEBIDA LACTEA DE GRAVIOLA VALEMILK 900G;5,00%
REDE POUPE MAX;SUPERMERCADO MAR & SOL;138465;BEBIDA LACTEA DE GRAVIOLA VALEMILK 900G;5,00%
REDE EXATA;SUPERMERCADO ECONOMICO;138465;BEBIDA LACTEA DE GRAVIOLA VALEMILK 900G;5,00%
REDE SEMPRE BEM;-;138465;BEBIDA LACTEA DE GRAVIOLA VALEMILK 900G;5,00%
-;KALBIR;138465;BEBIDA LACTEA DE GRAVIOLA VALEMILK 900G;5,00%
REDE EXATA;-;138465;BEBIDA LACTEA DE GRAVIOLA VALEMILK 900G;5,00%
REDE UNIFORCA;DATERRA (IPU);238070;BEBIDA LACTEA DE MORANGO DIPAULA 900G;5,00%
REDE EXATA;SUPERMERCADO ECONOMICO;238070;BEBIDA LACTEA DE MORANGO DIPAULA 900G;5,00%
REDE UNIFORCA;DATERRA (ITAPIPOCA);238070;BEBIDA LACTEA DE MORANGO DIPAULA 900G;5,00%
-;OFERTASSO;238070;BEBIDA LACTEA DE MORANGO DIPAULA 900G;5,00%
-;CHOCOBALAS;238070;BEBIDA LACTEA DE MORANGO DIPAULA 900G;5,00%
FRANGOLANDIA;-;238070;BEBIDA LACTEA DE MORANGO DIPAULA 900G;5,00%
REDE POUPE MAX;SUPERMERCADO MAR & SOL;238070;BEBIDA LACTEA DE MORANGO DIPAULA 900G;5,00%
-;KALBIR;238070;BEBIDA LACTEA DE MORANGO DIPAULA 900G;5,00%
REDE SEMPRE BEM;-;238070;BEBIDA LACTEA DE MORANGO DIPAULA 900G;5,00%
REDE EXATA;-;238070;BEBIDA LACTEA DE MORANGO DIPAULA 900G;5,00%
FRANGOLANDIA;-;138070;BEBIDA LACTEA DE MORANGO VALEMILK 900G;5,00%
-;CHOCOBALAS;138070;BEBIDA LACTEA DE MORANGO VALEMILK 900G;5,00%
REDE UNIFORCA;DATERRA (IPU);138070;BEBIDA LACTEA DE MORANGO VALEMILK 900G;5,00%
REDE UNIFORCA;DATERRA (ITAPIPOCA);138070;BEBIDA LACTEA DE MORANGO VALEMILK 900G;5,00%
-;OFERTASSO;138070;BEBIDA LACTEA DE MORANGO VALEMILK 900G;5,00%
REDE POUPE MAX;SUPERMERCADO MAR & SOL;138070;BEBIDA LACTEA DE MORANGO VALEMILK 900G;5,00%
REDE EXATA;SUPERMERCADO ECONOMICO;138070;BEBIDA LACTEA DE MORANGO VALEMILK 900G;5,00%
REDE SEMPRE BEM;-;138070;BEBIDA LACTEA DE MORANGO VALEMILK 900G;5,00%
-;KALBIR;138070;BEBIDA LACTEA DE MORANGO VALEMILK 900G;5,00%
REDE EXATA;-;138070;BEBIDA LACTEA DE MORANGO VALEMILK 900G;5,00%
FRANGOLANDIA;-;138170;BEBIDA LACTEA DE SALADA DE FRUTA VALEMILK 900G;5,00%
-;CHOCOBALAS;138170;BEBIDA LACTEA DE SALADA DE FRUTA VALEMILK 900G;5,00%
REDE UNIFORCA;DATERRA (IPU);138170;BEBIDA LACTEA DE SALADA DE FRUTA VALEMILK 900G;5,00%
REDE UNIFORCA;DATERRA (ITAPIPOCA);138170;BEBIDA LACTEA DE SALADA DE FRUTA VALEMILK 900G;5,00%
-;OFERTASSO;138170;BEBIDA LACTEA DE SALADA DE FRUTA VALEMILK 900G;5,00%
REDE POUPE MAX;SUPERMERCADO MAR & SOL;138170;BEBIDA LACTEA DE SALADA DE FRUTA VALEMILK 900G;5,00%
REDE EXATA;SUPERMERCADO ECONOMICO;138170;BEBIDA LACTEA DE SALADA DE FRUTA VALEMILK 900G;5,00%
REDE SEMPRE BEM;-;138170;BEBIDA LACTEA DE SALADA DE FRUTA VALEMILK 900G;5,00%
-;KALBIR;138170;BEBIDA LACTEA DE SALADA DE FRUTA VALEMILK 900G;5,00%
REDE EXATA;-;138170;BEBIDA LACTEA DE SALADA DE FRUTA VALEMILK 900G;5,00%
-;OFERTASSO;177201;COALHADA DESNATADA VALEMILK 140G;5,00%
REDE UNIFORCA;DATERRA (IPU);177201;COALHADA DESNATADA VALEMILK 140G;5,00%
REDE UNIFORCA;DATERRA (ITAPIPOCA);177201;COALHADA DESNATADA VALEMILK 140G;5,00%
-;CHOCOBALAS;177201;COALHADA DESNATADA VALEMILK 140G;5,00%
REDE POUPE MAX;SUPERMERCADO MAR & SOL;177201;COALHADA DESNATADA VALEMILK 140G;5,00%
REDE EXATA;SUPERMERCADO ECONOMICO;177201;COALHADA DESNATADA VALEMILK 140G;5,00%
-;KALBIR;177201;COALHADA DESNATADA VALEMILK 140G;5,00%
REDE SEMPRE BEM;-;177201;COALHADA DESNATADA VALEMILK 140G;5,00%
FRANGOLANDIA;-;177201;COALHADA DESNATADA VALEMILK 140G;5,00%
REDE EXATA;-;177201;COALHADA DESNATADA VALEMILK 140G;5,00%
-;OFERTASSO;177001;COALHADA INTEGRAL VALEMILK 140G;5,00%
-;CHOCOBALAS;177001;COALHADA INTEGRAL VALEMILK 140G;5,00%
REDE UNIFORCA;DATERRA (IPU);177001;COALHADA INTEGRAL VALEMILK 140G;5,00%
REDE UNIFORCA;DATERRA (ITAPIPOCA);177001;COALHADA INTEGRAL VALEMILK 140G;5,00%
REDE POUPE MAX;SUPERMERCADO MAR & SOL;177001;COALHADA INTEGRAL VALEMILK 140G;5,00%
REDE EXATA;SUPERMERCADO ECONOMICO;177001;COALHADA INTEGRAL VALEMILK 140G;5,00%
-;KALBIR;177001;COALHADA INTEGRAL VALEMILK 140G;5,00%
REDE SEMPRE BEM;-;177001;COALHADA INTEGRAL VALEMILK 140G;5,00%
FRANGOLANDIA;-;177001;COALHADA INTEGRAL VALEMILK 140G;5,00%
REDE EXATA;-;177001;COALHADA INTEGRAL VALEMILK 140G;5,00%
FRANGOLANDIA;-;154520;DOCE DE LEITE VALEMILK 350G;5,00%
-;CHOCOBALAS;154520;DOCE DE LEITE VALEMILK 350G;5,00%
REDE UNIFORCA;DATERRA (IPU);154520;DOCE DE LEITE VALEMILK 350G;5,00%
REDE UNIFORCA;DATERRA (ITAPIPOCA);154520;DOCE DE LEITE VALEMILK 350G;5,00%
REDE EXATA;SUPERMERCADO ECONOMICO;154520;DOCE DE LEITE VALEMILK 350G;5,00%
REDE SEMPRE BEM;-;154520;DOCE DE LEITE VALEMILK 350G;5,00%
-;KALBIR;154520;DOCE DE LEITE VALEMILK 350G;5,00%
REDE EXATA;-;154520;DOCE DE LEITE VALEMILK 350G;5,00%
REDE UNIFORCA;DATERRA (IPU);154920;DOCE DE LEITE ZERO LACT VALEMILK 300G;5,00%
REDE UNIFORCA;DATERRA (ITAPIPOCA);154920;DOCE DE LEITE ZERO LACT VALEMILK 300G;5,00%
-;CHOCOBALAS;154920;DOCE DE LEITE ZERO LACT VALEMILK 300G;5,00%
REDE EXATA;SUPERMERCADO ECONOMICO;154920;DOCE DE LEITE ZERO LACT VALEMILK 300G;5,00%
FRANGOLANDIA;-;154920;DOCE DE LEITE ZERO LACT VALEMILK 300G;5,00%
-;KALBIR;154920;DOCE DE LEITE ZERO LACT VALEMILK 300G;5,00%
REDE SEMPRE BEM;-;154920;DOCE DE LEITE ZERO LACT VALEMILK 300G;5,00%
REDE EXATA;-;154920;DOCE DE LEITE ZERO LACT VALEMILK 300G;5,00%
-;OFERTASSO;197201;GAR IOG TRIPLO ZERO AMEIXA VALEMILK 170G;5,00%
REDE POUPE MAX;SUPERMERCADO MAR & SOL;197201;GAR IOG TRIPLO ZERO AMEIXA VALEMILK 170G;5,00%
REDE UNIFORCA;DATERRA (IPU);197201;GAR IOG TRIPLO ZERO AMEIXA VALEMILK 170G;5,00%
-;CHOCOBALAS;197201;GAR IOG TRIPLO ZERO AMEIXA VALEMILK 170G;5,00%
REDE UNIFORCA;DATERRA (ITAPIPOCA);197201;GAR IOG TRIPLO ZERO AMEIXA VALEMILK 170G;5,00%
REDE EXATA;SUPERMERCADO ECONOMICO;197201;GAR IOG TRIPLO ZERO AMEIXA VALEMILK 170G;5,00%
-;KALBIR;197201;GAR IOG TRIPLO ZERO AMEIXA VALEMILK 170G;5,00%
FRANGOLANDIA;-;197201;GAR IOG TRIPLO ZERO AMEIXA VALEMILK 170G;5,00%
REDE SEMPRE BEM;-;197201;GAR IOG TRIPLO ZERO AMEIXA VALEMILK 170G;5,00%
REDE EXATA;-;197201;GAR IOG TRIPLO ZERO AMEIXA VALEMILK 170G;5,00%
-;OFERTASSO;197001;GAR IOG TRIPLO ZERO MORANGO VALEMILK 170G;5,00%
REDE POUPE MAX;SUPERMERCADO MAR & SOL;197001;GAR IOG TRIPLO ZERO MORANGO VALEMILK 170G;5,00%
REDE UNIFORCA;DATERRA (IPU);197001;GAR IOG TRIPLO ZERO MORANGO VALEMILK 170G;5,00%
-;CHOCOBALAS;197001;GAR IOG TRIPLO ZERO MORANGO VALEMILK 170G;5,00%
REDE UNIFORCA;DATERRA (ITAPIPOCA);197001;GAR IOG TRIPLO ZERO MORANGO VALEMILK 170G;5,00%
REDE EXATA;SUPERMERCADO ECONOMICO;197001;GAR IOG TRIPLO ZERO MORANGO VALEMILK 170G;5,00%
-;KALBIR;197001;GAR IOG TRIPLO ZERO MORANGO VALEMILK 170G;5,00%
FRANGOLANDIA;-;197001;GAR IOG TRIPLO ZERO MORANGO VALEMILK 170G;5,00%
REDE SEMPRE BEM;-;197001;GAR IOG TRIPLO ZERO MORANGO VALEMILK 170G;5,00%
REDE EXATA;-;197001;GAR IOG TRIPLO ZERO MORANGO VALEMILK 170G;5,00%
FRANGOLANDIA;-;188225;GAR IOGURTE AMEIXA VALEMILK 170G;5,00%
REDE UNIFORCA;DATERRA (IPU);188225;GAR IOGURTE AMEIXA VALEMILK 170G;5,00%
REDE UNIFORCA;DATERRA (ITAPIPOCA);188225;GAR IOGURTE AMEIXA VALEMILK 170G;5,00%
-;CHOCOBALAS;188225;GAR IOGURTE AMEIXA VALEMILK 170G;5,00%
-;OFERTASSO;188225;GAR IOGURTE AMEIXA VALEMILK 170G;5,00%
REDE EXATA;SUPERMERCADO ECONOMICO;188225;GAR IOGURTE AMEIXA VALEMILK 170G;5,00%
REDE POUPE MAX;SUPERMERCADO MAR & SOL;188225;GAR IOGURTE AMEIXA VALEMILK 170G;5,00%
-;KALBIR;188225;GAR IOGURTE AMEIXA VALEMILK 170G;5,00%
REDE SEMPRE BEM;-;188225;GAR IOGURTE AMEIXA VALEMILK 170G;5,00%
REDE EXATA;-;188225;GAR IOGURTE AMEIXA VALEMILK 170G;5,00%
-;CHOCOBALAS;188085;GAR IOGURTE MORANGO VALEMILK 1,25KG;5,00%
REDE EXATA;SUPERMERCADO ECONOMICO;188085;GAR IOGURTE MORANGO VALEMILK 1,25KG;5,00%
REDE SEMPRE BEM;-;188085;GAR IOGURTE MORANGO VALEMILK 1,25KG;5,00%
-;OFERTASSO;188085;GAR IOGURTE MORANGO VALEMILK 1,25KG;5,00%
FRANGOLANDIA;-;188085;GAR IOGURTE MORANGO VALEMILK 1,25KG;5,00%
REDE POUPE MAX;SUPERMERCADO MAR & SOL;188085;GAR IOGURTE MORANGO VALEMILK 1,25KG;5,00%
REDE UNIFORCA;DATERRA (IPU);188085;GAR IOGURTE MORANGO VALEMILK 1,25KG;5,00%
REDE UNIFORCA;DATERRA (ITAPIPOCA);188085;GAR IOGURTE MORANGO VALEMILK 1,25KG;5,00%
REDE EXATA;-;188085;GAR IOGURTE MORANGO VALEMILK 1,25KG;5,00%
-;KALBIR;188085;GAR IOGURTE MORANGO VALEMILK 1,25KG;5,00%
FRANGOLANDIA;-;188025;GAR IOGURTE MORANGO VALEMILK 170G;5,00%
-;CHOCOBALAS;188025;GAR IOGURTE MORANGO VALEMILK 170G;5,00%
REDE UNIFORCA;DATERRA (IPU);188025;GAR IOGURTE MORANGO VALEMILK 170G;5,00%
REDE UNIFORCA;DATERRA (ITAPIPOCA);188025;GAR IOGURTE MORANGO VALEMILK 170G;5,00%
-;OFERTASSO;188025;GAR IOGURTE MORANGO VALEMILK 170G;5,00%
REDE POUPE MAX;SUPERMERCADO MAR & SOL;188025;GAR IOGURTE MORANGO VALEMILK 170G;5,00%
REDE EXATA;SUPERMERCADO ECONOMICO;188025;GAR IOGURTE MORANGO VALEMILK 170G;5,00%
-;KALBIR;188025;GAR IOGURTE MORANGO VALEMILK 170G;5,00%
REDE SEMPRE BEM;-;188025;GAR IOGURTE MORANGO VALEMILK 170G;5,00%
REDE EXATA;-;188025;GAR IOGURTE MORANGO VALEMILK 170G;5,00%
-;CHOCOBALAS;188065;GAR IOGURTE MORANGO VALEMILK 900G;5,00%
REDE UNIFORCA;DATERRA (ITAPIPOCA);188065;GAR IOGURTE MORANGO VALEMILK 900G;5,00%
-;OFERTASSO;188065;GAR IOGURTE MORANGO VALEMILK 900G;5,00%
REDE POUPE MAX;SUPERMERCADO MAR & SOL;188065;GAR IOGURTE MORANGO VALEMILK 900G;5,00%
REDE EXATA;SUPERMERCADO ECONOMICO;188065;GAR IOGURTE MORANGO VALEMILK 900G;5,00%
FRANGOLANDIA;-;188065;GAR IOGURTE MORANGO VALEMILK 900G;5,00%
REDE UNIFORCA;DATERRA (IPU);188065;GAR IOGURTE MORANGO VALEMILK 900G;5,00%
REDE SEMPRE BEM;-;188065;GAR IOGURTE MORANGO VALEMILK 900G;5,00%
-;KALBIR;188065;GAR IOGURTE MORANGO VALEMILK 900G;5,00%
REDE EXATA;-;188065;GAR IOGURTE MORANGO VALEMILK 900G;5,00%
-;CHOCOBALAS;188185;GAR IOGURTE VITAMINA DE FRUTAS VALEMILK 1,25KG;5,00%
REDE EXATA;SUPERMERCADO ECONOMICO;188185;GAR IOGURTE VITAMINA DE FRUTAS VALEMILK 1,25KG;5,00%
REDE SEMPRE BEM;-;188185;GAR IOGURTE VITAMINA DE FRUTAS VALEMILK 1,25KG;5,00%
-;OFERTASSO;188185;GAR IOGURTE VITAMINA DE FRUTAS VALEMILK 1,25KG;5,00%
FRANGOLANDIA;-;188185;GAR IOGURTE VITAMINA DE FRUTAS VALEMILK 1,25KG;5,00%
REDE POUPE MAX;SUPERMERCADO MAR & SOL;188185;GAR IOGURTE VITAMINA DE FRUTAS VALEMILK 1,25KG;5,00%
REDE UNIFORCA;DATERRA (IPU);188185;GAR IOGURTE VITAMINA DE FRUTAS VALEMILK 1,25KG;5,00%
REDE UNIFORCA;DATERRA (ITAPIPOCA);188185;GAR IOGURTE VITAMINA DE FRUTAS VALEMILK 1,25KG;5,00%
-;KALBIR;188185;GAR IOGURTE VITAMINA DE FRUTAS VALEMILK 1,25KG;5,00%
REDE EXATA;-;188185;GAR IOGURTE VITAMINA DE FRUTAS VALEMILK 1,25KG;5,00%
FRANGOLANDIA;-;188125;GAR IOGURTE VITAMINA DE FRUTAS VALEMILK 170G;5,00%
-;CHOCOBALAS;188125;GAR IOGURTE VITAMINA DE FRUTAS VALEMILK 170G;5,00%
REDE UNIFORCA;DATERRA (IPU);188125;GAR IOGURTE VITAMINA DE FRUTAS VALEMILK 170G;5,00%
REDE UNIFORCA;DATERRA (ITAPIPOCA);188125;GAR IOGURTE VITAMINA DE FRUTAS VALEMILK 170G;5,00%
-;OFERTASSO;188125;GAR IOGURTE VITAMINA DE FRUTAS VALEMILK 170G;5,00%
REDE EXATA;SUPERMERCADO ECONOMICO;188125;GAR IOGURTE VITAMINA DE FRUTAS VALEMILK 170G;5,00%
REDE POUPE MAX;SUPERMERCADO MAR & SOL;188125;GAR IOGURTE VITAMINA DE FRUTAS VALEMILK 170G;5,00%
-;KALBIR;188125;GAR IOGURTE VITAMINA DE FRUTAS VALEMILK 170G;5,00%
REDE SEMPRE BEM;-;188125;GAR IOGURTE VITAMINA DE FRUTAS VALEMILK 170G;5,00%
REDE EXATA;-;188125;GAR IOGURTE VITAMINA DE FRUTAS VALEMILK 170G;5,00%
-;CHOCOBALAS;188165;GAR IOGURTE VITAMINA DE FRUTAS VALEMILK 900G;5,00%
REDE UNIFORCA;DATERRA (ITAPIPOCA);188165;GAR IOGURTE VITAMINA DE FRUTAS VALEMILK 900G;5,00%
-;OFERTASSO;188165;GAR IOGURTE VITAMINA DE FRUTAS VALEMILK 900G;5,00%
REDE EXATA;SUPERMERCADO ECONOMICO;188165;GAR IOGURTE VITAMINA DE FRUTAS VALEMILK 900G;5,00%
REDE POUPE MAX;SUPERMERCADO MAR & SOL;188165;GAR IOGURTE VITAMINA DE FRUTAS VALEMILK 900G;5,00%
FRANGOLANDIA;-;188165;GAR IOGURTE VITAMINA DE FRUTAS VALEMILK 900G;5,00%
REDE UNIFORCA;DATERRA (IPU);188165;GAR IOGURTE VITAMINA DE FRUTAS VALEMILK 900G;5,00%
REDE SEMPRE BEM;-;188165;GAR IOGURTE VITAMINA DE FRUTAS VALEMILK 900G;5,00%
-;KALBIR;188165;GAR IOGURTE VITAMINA DE FRUTAS VALEMILK 900G;5,00%
REDE EXATA;-;188165;GAR IOGURTE VITAMINA DE FRUTAS VALEMILK 900G;5,00%
-;CHOCOBALAS;187301;IOGURTE BICAMADA MORANGO VALEMILK 130G;5,00%
REDE POUPE MAX;SUPERMERCADO MAR & SOL;187301;IOGURTE BICAMADA MORANGO VALEMILK 130G;5,00%
REDE EXATA;SUPERMERCADO ECONOMICO;187301;IOGURTE BICAMADA MORANGO VALEMILK 130G;5,00%
-;OFERTASSO;187301;IOGURTE BICAMADA MORANGO VALEMILK 130G;5,00%
REDE UNIFORCA;DATERRA (IPU);187301;IOGURTE BICAMADA MORANGO VALEMILK 130G;5,00%
REDE UNIFORCA;DATERRA (ITAPIPOCA);187301;IOGURTE BICAMADA MORANGO VALEMILK 130G;5,00%
FRANGOLANDIA;-;187301;IOGURTE BICAMADA MORANGO VALEMILK 130G;5,00%
-;KALBIR;187301;IOGURTE BICAMADA MORANGO VALEMILK 130G;5,00%
REDE SEMPRE BEM;-;187301;IOGURTE BICAMADA MORANGO VALEMILK 130G;5,00%
REDE EXATA;-;187301;IOGURTE BICAMADA MORANGO VALEMILK 130G;5,00%
FRANGOLANDIA;-;187201;IOGURTE NATURAL DESNATADO VALEMILK 150G;5,00%
REDE UNIFORCA;DATERRA (IPU);187201;IOGURTE NATURAL DESNATADO VALEMILK 150G;5,00%
-;CHOCOBALAS;187201;IOGURTE NATURAL DESNATADO VALEMILK 150G;5,00%
REDE UNIFORCA;DATERRA (ITAPIPOCA);187201;IOGURTE NATURAL DESNATADO VALEMILK 150G;5,00%
REDE EXATA;SUPERMERCADO ECONOMICO;187201;IOGURTE NATURAL DESNATADO VALEMILK 150G;5,00%
REDE POUPE MAX;SUPERMERCADO MAR & SOL;187201;IOGURTE NATURAL DESNATADO VALEMILK 150G;5,00%
-;OFERTASSO;187201;IOGURTE NATURAL DESNATADO VALEMILK 150G;5,00%
REDE SEMPRE BEM;-;187201;IOGURTE NATURAL DESNATADO VALEMILK 150G;5,00%
-;KALBIR;187201;IOGURTE NATURAL DESNATADO VALEMILK 150G;5,00%
REDE EXATA;-;187201;IOGURTE NATURAL DESNATADO VALEMILK 150G;5,00%
FRANGOLANDIA;-;187001;IOGURTE NATURAL INTEGRAL VALEMILK 150G;5,00%
-;CHOCOBALAS;187001;IOGURTE NATURAL INTEGRAL VALEMILK 150G;5,00%
REDE UNIFORCA;DATERRA (IPU);187001;IOGURTE NATURAL INTEGRAL VALEMILK 150G;5,00%
REDE POUPE MAX;SUPERMERCADO MAR & SOL;187001;IOGURTE NATURAL INTEGRAL VALEMILK 150G;5,00%
REDE EXATA;SUPERMERCADO ECONOMICO;187001;IOGURTE NATURAL INTEGRAL VALEMILK 150G;5,00%
REDE UNIFORCA;DATERRA (ITAPIPOCA);187001;IOGURTE NATURAL INTEGRAL VALEMILK 150G;5,00%
-;OFERTASSO;187001;IOGURTE NATURAL INTEGRAL VALEMILK 150G;5,00%
REDE SEMPRE BEM;-;187001;IOGURTE NATURAL INTEGRAL VALEMILK 150G;5,00%
-;KALBIR;187001;IOGURTE NATURAL INTEGRAL VALEMILK 150G;5,00%
REDE EXATA;-;187001;IOGURTE NATURAL INTEGRAL VALEMILK 150G;5,00%
FRANGOLANDIA;-;187401;IOGURTE NATURAL LAR/CEN/MEL VALEMILK 150G;5,00%
-;OFERTASSO;187401;IOGURTE NATURAL LAR/CEN/MEL VALEMILK 150G;5,00%
REDE SEMPRE BEM;-;187401;IOGURTE NATURAL LAR/CEN/MEL VALEMILK 150G;5,00%
-;KALBIR;187401;IOGURTE NATURAL LAR/CEN/MEL VALEMILK 150G;5,00%
REDE POUPE MAX;SUPERMERCADO MAR & SOL;187401;IOGURTE NATURAL LAR/CEN/MEL VALEMILK 150G;5,00%
REDE UNIFORCA;DATERRA (IPU);187401;IOGURTE NATURAL LAR/CEN/MEL VALEMILK 150G;5,00%
-;CHOCOBALAS;187401;IOGURTE NATURAL LAR/CEN/MEL VALEMILK 150G;5,00%
REDE UNIFORCA;DATERRA (ITAPIPOCA);187401;IOGURTE NATURAL LAR/CEN/MEL VALEMILK 150G;5,00%
REDE EXATA;SUPERMERCADO ECONOMICO;187401;IOGURTE NATURAL LAR/CEN/MEL VALEMILK 150G;5,00%
REDE EXATA;-;187401;IOGURTE NATURAL LAR/CEN/MEL VALEMILK 150G;5,00%
-;CHOCOBALAS;198081;IOGURTE WHEY BAUNILHA VALEMILK 170G;5,00%
-;KALBIR;198081;IOGURTE WHEY BAUNILHA VALEMILK 170G;5,00%
-;OFERTASSO;198081;IOGURTE WHEY BAUNILHA VALEMILK 170G;5,00%
FRANGOLANDIA;-;198081;IOGURTE WHEY BAUNILHA VALEMILK 170G;5,00%
REDE UNIFORCA;DATERRA (IPU);198081;IOGURTE WHEY BAUNILHA VALEMILK 170G;5,00%
REDE UNIFORCA;DATERRA (ITAPIPOCA);198081;IOGURTE WHEY BAUNILHA VALEMILK 170G;5,00%
REDE EXATA;-;198081;IOGURTE WHEY BAUNILHA VALEMILK 170G;5,00%
REDE EXATA;SUPERMERCADO ECONOMICO;198081;IOGURTE WHEY BAUNILHA VALEMILK 170G;5,00%
REDE POUPE MAX;SUPERMERCADO MAR & SOL;198081;IOGURTE WHEY BAUNILHA VALEMILK 170G;5,00%
REDE SEMPRE BEM;-;198081;IOGURTE WHEY BAUNILHA VALEMILK 170G;5,00%
-;CHOCOBALAS;198041;IOGURTE WHEY MORANGO VALEMILK 170G;5,00%
-;OFERTASSO;198041;IOGURTE WHEY MORANGO VALEMILK 170G;5,00%
FRANGOLANDIA;-;198041;IOGURTE WHEY MORANGO VALEMILK 170G;5,00%
REDE UNIFORCA;DATERRA (IPU);198041;IOGURTE WHEY MORANGO VALEMILK 170G;5,00%
REDE UNIFORCA;DATERRA (ITAPIPOCA);198041;IOGURTE WHEY MORANGO VALEMILK 170G;5,00%
-;KALBIR;198041;IOGURTE WHEY MORANGO VALEMILK 170G;5,00%
REDE EXATA;-;198041;IOGURTE WHEY MORANGO VALEMILK 170G;5,00%
REDE EXATA;SUPERMERCADO ECONOMICO;198041;IOGURTE WHEY MORANGO VALEMILK 170G;5,00%
REDE POUPE MAX;SUPERMERCADO MAR & SOL;198041;IOGURTE WHEY MORANGO VALEMILK 170G;5,00%
REDE SEMPRE BEM;-;198041;IOGURTE WHEY MORANGO VALEMILK 170G;5,00%
-;CHOCOBALAS;198001;IOGURTE WHEY TRADICIONAL VALEMILK 170G;5,00%
-;KALBIR;198001;IOGURTE WHEY TRADICIONAL VALEMILK 170G;5,00%
-;OFERTASSO;198001;IOGURTE WHEY TRADICIONAL VALEMILK 170G;5,00%
FRANGOLANDIA;-;198001;IOGURTE WHEY TRADICIONAL VALEMILK 170G;5,00%
REDE POUPE MAX;SUPERMERCADO MAR & SOL;198001;IOGURTE WHEY TRADICIONAL VALEMILK 170G;5,00%
REDE UNIFORCA;DATERRA (IPU);198001;IOGURTE WHEY TRADICIONAL VALEMILK 170G;5,00%
REDE UNIFORCA;DATERRA (ITAPIPOCA);198001;IOGURTE WHEY TRADICIONAL VALEMILK 170G;5,00%
REDE EXATA;-;198001;IOGURTE WHEY TRADICIONAL VALEMILK 170G;5,00%
REDE EXATA;SUPERMERCADO ECONOMICO;198001;IOGURTE WHEY TRADICIONAL VALEMILK 170G;5,00%
REDE SEMPRE BEM;-;198001;IOGURTE WHEY TRADICIONAL VALEMILK 170G;5,00%
FRANGOLANDIA;-;152515;MANTEIGA DA TERRA VALEMILK 190G;5,00%
REDE EXATA;SUPERMERCADO ECONOMICO;152515;MANTEIGA DA TERRA VALEMILK 190G;5,00%
REDE SEMPRE BEM;-;152515;MANTEIGA DA TERRA VALEMILK 190G;5,00%
-;KALBIR;152515;MANTEIGA DA TERRA VALEMILK 190G;5,00%
REDE UNIFORCA;DATERRA (ITAPIPOCA);152515;MANTEIGA DA TERRA VALEMILK 190G;5,00%
REDE UNIFORCA;DATERRA (IPU);152515;MANTEIGA DA TERRA VALEMILK 190G;5,00%
REDE EXATA;-;152515;MANTEIGA DA TERRA VALEMILK 190G;5,00%
-;CHOCOBALAS;152515;MANTEIGA DA TERRA VALEMILK 190G;5,00%
FRANGOLANDIA;-;152560;MANTEIGA GHEE VALEMILK 160G;5,00%
-;CHOCOBALAS;152560;MANTEIGA GHEE VALEMILK 160G;5,00%
REDE UNIFORCA;DATERRA (IPU);152560;MANTEIGA GHEE VALEMILK 160G;5,00%
REDE UNIFORCA;DATERRA (ITAPIPOCA);152560;MANTEIGA GHEE VALEMILK 160G;5,00%
REDE EXATA;SUPERMERCADO ECONOMICO;152560;MANTEIGA GHEE VALEMILK 160G;5,00%
-;KALBIR;152560;MANTEIGA GHEE VALEMILK 160G;5,00%
REDE SEMPRE BEM;-;152560;MANTEIGA GHEE VALEMILK 160G;5,00%
REDE EXATA;-;152560;MANTEIGA GHEE VALEMILK 160G;5,00%
FRANGOLANDIA;-;152530;MANTEIGA VALEMILK 200G;5,00%
-;CHOCOBALAS;152530;MANTEIGA VALEMILK 200G;5,00%
REDE UNIFORCA;DATERRA (IPU);152530;MANTEIGA VALEMILK 200G;5,00%
REDE UNIFORCA;DATERRA (ITAPIPOCA);152530;MANTEIGA VALEMILK 200G;5,00%
REDE EXATA;-;152530;MANTEIGA VALEMILK 200G;5,00%
REDE EXATA;SUPERMERCADO ECONOMICO;152530;MANTEIGA VALEMILK 200G;5,00%
REDE SEMPRE BEM;-;152530;MANTEIGA VALEMILK 200G;5,00%
-;KALBIR;152530;MANTEIGA VALEMILK 200G;5,00%
FRANGOLANDIA;-;152545;MANTEIGA VALEMILK 500G;5,00%
-;CHOCOBALAS;152545;MANTEIGA VALEMILK 500G;5,00%
REDE UNIFORCA;DATERRA (ITAPIPOCA);152545;MANTEIGA VALEMILK 500G;5,00%
REDE UNIFORCA;DATERRA (IPU);152545;MANTEIGA VALEMILK 500G;5,00%
REDE EXATA;SUPERMERCADO ECONOMICO;152545;MANTEIGA VALEMILK 500G;5,00%
REDE SEMPRE BEM;-;152545;MANTEIGA VALEMILK 500G;5,00%
-;KALBIR;152545;MANTEIGA VALEMILK 500G;5,00%
REDE EXATA;-;152545;MANTEIGA VALEMILK 500G;5,00%
REDE UNIFORCA;DATERRA (ITAPIPOCA);252130;MISTURA DE REQUEIJAO LIGHT DIPAULA 200G;5,00%
REDE UNIFORCA;DATERRA (IPU);252130;MISTURA DE REQUEIJAO LIGHT DIPAULA 200G;5,00%
REDE EXATA;SUPERMERCADO ECONOMICO;252130;MISTURA DE REQUEIJAO LIGHT DIPAULA 200G;5,00%
REDE SEMPRE BEM;-;252130;MISTURA DE REQUEIJAO LIGHT DIPAULA 200G;5,00%
-;CHOCOBALAS;252130;MISTURA DE REQUEIJAO LIGHT DIPAULA 200G;5,00%
FRANGOLANDIA;-;252130;MISTURA DE REQUEIJAO LIGHT DIPAULA 200G;5,00%
-;KALBIR;252130;MISTURA DE REQUEIJAO LIGHT DIPAULA 200G;5,00%
REDE EXATA;-;252130;MISTURA DE REQUEIJAO LIGHT DIPAULA 200G;5,00%
REDE UNIFORCA;DATERRA (IPU);252030;MISTURA DE REQUEIJAO TRAD DIPAULA 200G;5,00%
REDE UNIFORCA;DATERRA (ITAPIPOCA);252030;MISTURA DE REQUEIJAO TRAD DIPAULA 200G;5,00%
REDE EXATA;SUPERMERCADO ECONOMICO;252030;MISTURA DE REQUEIJAO TRAD DIPAULA 200G;5,00%
REDE SEMPRE BEM;-;252030;MISTURA DE REQUEIJAO TRAD DIPAULA 200G;5,00%
-;CHOCOBALAS;252030;MISTURA DE REQUEIJAO TRAD DIPAULA 200G;5,00%
FRANGOLANDIA;-;252030;MISTURA DE REQUEIJAO TRAD DIPAULA 200G;5,00%
-;KALBIR;252030;MISTURA DE REQUEIJAO TRAD DIPAULA 200G;5,00%
REDE EXATA;-;252030;MISTURA DE REQUEIJAO TRAD DIPAULA 200G;5,00%
REDE UNIFORCA;DATERRA (IPU);153035;NATA COM SAL VALEMILK 200G;5,00%
-;CHOCOBALAS;153035;NATA COM SAL VALEMILK 200G;5,00%
FRANGOLANDIA;-;153035;NATA COM SAL VALEMILK 200G;5,00%
REDE UNIFORCA;DATERRA (ITAPIPOCA);153035;NATA COM SAL VALEMILK 200G;5,00%
REDE SEMPRE BEM;-;153035;NATA COM SAL VALEMILK 200G;5,00%
REDE EXATA;SUPERMERCADO ECONOMICO;153035;NATA COM SAL VALEMILK 200G;5,00%
-;KALBIR;153035;NATA COM SAL VALEMILK 200G;5,00%
REDE EXATA;-;153035;NATA COM SAL VALEMILK 200G;5,00%
REDE UNIFORCA;DATERRA (IPU);120345;QUEIJO COALHO LIGHT VALEMILK 500G;5,00%
REDE UNIFORCA;DATERRA (ITAPIPOCA);120345;QUEIJO COALHO LIGHT VALEMILK 500G;5,00%
REDE EXATA;SUPERMERCADO ECONOMICO;120345;QUEIJO COALHO LIGHT VALEMILK 500G;5,00%
-;CHOCOBALAS;120345;QUEIJO COALHO LIGHT VALEMILK 500G;5,00%
-;KALBIR;120345;QUEIJO COALHO LIGHT VALEMILK 500G;5,00%
REDE EXATA;-;120345;QUEIJO COALHO LIGHT VALEMILK 500G;5,00%
REDE EXATA;SUPERMERCADO ECONOMICO;120290;QUEIJO COALHO TRAD VALEMILK 4KG;5,00%
REDE UNIFORCA;DATERRA (IPU);120290;QUEIJO COALHO TRAD VALEMILK 4KG;5,00%
-;CHOCOBALAS;120245;QUEIJO COALHO TRAD VALEMILK 500G;5,00%
REDE EXATA;-;120245;QUEIJO COALHO TRAD VALEMILK 500G;5,00%
REDE UNIFORCA;DATERRA (IPU);120245;QUEIJO COALHO TRAD VALEMILK 500G;5,00%
REDE UNIFORCA;DATERRA (ITAPIPOCA);120245;QUEIJO COALHO TRAD VALEMILK 500G;5,00%
REDE EXATA;SUPERMERCADO ECONOMICO;120245;QUEIJO COALHO TRAD VALEMILK 500G;5,00%
-;KALBIR;120245;QUEIJO COALHO TRAD VALEMILK 500G;5,00%
REDE UNIFORCA;DATERRA (ITAPIPOCA);120445;QUEIJO COALHO ZERO LAC VALEMILK 500G;5,00%
REDE UNIFORCA;DATERRA (IPU);120445;QUEIJO COALHO ZERO LAC VALEMILK 500G;5,00%
REDE EXATA;SUPERMERCADO ECONOMICO;120445;QUEIJO COALHO ZERO LAC VALEMILK 500G;5,00%
-;KALBIR;120445;QUEIJO COALHO ZERO LAC VALEMILK 500G;5,00%
REDE EXATA;-;120445;QUEIJO COALHO ZERO LAC VALEMILK 500G;5,00%
-;CHOCOBALAS;120445;QUEIJO COALHO ZERO LAC VALEMILK 500G;5,00%
REDE UNIFORCA;DATERRA (ITAPIPOCA);121135;QUEIJO MINAS FRESCAL LIGHT VALEMILK 250G;5,00%
-;KALBIR;121135;QUEIJO MINAS FRESCAL LIGHT VALEMILK 250G;5,00%
REDE EXATA;SUPERMERCADO ECONOMICO;121135;QUEIJO MINAS FRESCAL LIGHT VALEMILK 250G;5,00%
REDE EXATA;-;121135;QUEIJO MINAS FRESCAL LIGHT VALEMILK 250G;5,00%
REDE UNIFORCA;DATERRA (IPU);121135;QUEIJO MINAS FRESCAL LIGHT VALEMILK 250G;5,00%
-;CHOCOBALAS;121135;QUEIJO MINAS FRESCAL LIGHT VALEMILK 250G;5,00%
REDE UNIFORCA;DATERRA (ITAPIPOCA);121035;QUEIJO MINAS FRESCAL TRAD VALEMILK 250G;5,00%
-;KALBIR;121035;QUEIJO MINAS FRESCAL TRAD VALEMILK 250G;5,00%
REDE EXATA;SUPERMERCADO ECONOMICO;121035;QUEIJO MINAS FRESCAL TRAD VALEMILK 250G;5,00%
REDE UNIFORCA;DATERRA (IPU);121035;QUEIJO MINAS FRESCAL TRAD VALEMILK 250G;5,00%
REDE EXATA;-;121035;QUEIJO MINAS FRESCAL TRAD VALEMILK 250G;5,00%
-;CHOCOBALAS;121035;QUEIJO MINAS FRESCAL TRAD VALEMILK 250G;5,00%
REDE UNIFORCA;DATERRA (IPU);121235;QUEIJO MINAS FRESCAL ZERO VALEMILK 250G;5,00%
REDE UNIFORCA;DATERRA (ITAPIPOCA);121235;QUEIJO MINAS FRESCAL ZERO VALEMILK 250G;5,00%
-;KALBIR;121235;QUEIJO MINAS FRESCAL ZERO VALEMILK 250G;5,00%
REDE EXATA;SUPERMERCADO ECONOMICO;121235;QUEIJO MINAS FRESCAL ZERO VALEMILK 250G;5,00%
REDE EXATA;-;121235;QUEIJO MINAS FRESCAL ZERO VALEMILK 250G;5,00%
-;CHOCOBALAS;121235;QUEIJO MINAS FRESCAL ZERO VALEMILK 250G;5,00%
FRANGOLANDIA;-;152130;REQUEIJAO LIGHT VALEMILK 200G;5,00%
-;CHOCOBALAS;152130;REQUEIJAO LIGHT VALEMILK 200G;5,00%
REDE UNIFORCA;DATERRA (IPU);152130;REQUEIJAO LIGHT VALEMILK 200G;5,00%
REDE UNIFORCA;DATERRA (ITAPIPOCA);152130;REQUEIJAO LIGHT VALEMILK 200G;5,00%
REDE EXATA;SUPERMERCADO ECONOMICO;152130;REQUEIJAO LIGHT VALEMILK 200G;5,00%
REDE SEMPRE BEM;-;152130;REQUEIJAO LIGHT VALEMILK 200G;5,00%
-;KALBIR;152130;REQUEIJAO LIGHT VALEMILK 200G;5,00%
REDE EXATA;-;152130;REQUEIJAO LIGHT VALEMILK 200G;5,00%
FRANGOLANDIA;-;152150;REQUEIJAO LIGHT VALEMILK 400G;5,00%
-;CHOCOBALAS;152150;REQUEIJAO LIGHT VALEMILK 400G;5,00%
REDE UNIFORCA;DATERRA (IPU);152150;REQUEIJAO LIGHT VALEMILK 400G;5,00%
REDE UNIFORCA;DATERRA (ITAPIPOCA);152150;REQUEIJAO LIGHT VALEMILK 400G;5,00%
REDE EXATA;SUPERMERCADO ECONOMICO;152150;REQUEIJAO LIGHT VALEMILK 400G;5,00%
REDE SEMPRE BEM;-;152150;REQUEIJAO LIGHT VALEMILK 400G;5,00%
-;KALBIR;152150;REQUEIJAO LIGHT VALEMILK 400G;5,00%
REDE EXATA;-;152150;REQUEIJAO LIGHT VALEMILK 400G;5,00%
FRANGOLANDIA;-;152030;REQUEIJAO TRAD VALEMILK 200G;5,00%
-;CHOCOBALAS;152030;REQUEIJAO TRAD VALEMILK 200G;5,00%
REDE UNIFORCA;DATERRA (IPU);152030;REQUEIJAO TRAD VALEMILK 200G;5,00%
REDE UNIFORCA;DATERRA (ITAPIPOCA);152030;REQUEIJAO TRAD VALEMILK 200G;5,00%
REDE EXATA;SUPERMERCADO ECONOMICO;152030;REQUEIJAO TRAD VALEMILK 200G;5,00%
REDE SEMPRE BEM;-;152030;REQUEIJAO TRAD VALEMILK 200G;5,00%
-;KALBIR;152030;REQUEIJAO TRAD VALEMILK 200G;5,00%
REDE EXATA;-;152030;REQUEIJAO TRAD VALEMILK 200G;5,00%
FRANGOLANDIA;-;152050;REQUEIJAO TRAD VALEMILK 400G;5,00%
-;CHOCOBALAS;152050;REQUEIJAO TRAD VALEMILK 400G;5,00%
REDE UNIFORCA;DATERRA (IPU);152050;REQUEIJAO TRAD VALEMILK 400G;5,00%
REDE UNIFORCA;DATERRA (ITAPIPOCA);152050;REQUEIJAO TRAD VALEMILK 400G;5,00%
REDE EXATA;SUPERMERCADO ECONOMICO;152050;REQUEIJAO TRAD VALEMILK 400G;5,00%
REDE SEMPRE BEM;-;152050;REQUEIJAO TRAD VALEMILK 400G;5,00%
-;KALBIR;152050;REQUEIJAO TRAD VALEMILK 400G;5,00%
REDE EXATA;-;152050;REQUEIJAO TRAD VALEMILK 400G;5,00%
-;KALBIR;152230;REQUEIJAO ZERO LAC VALEMILK 200G;5,00%
REDE EXATA;SUPERMERCADO ECONOMICO;152230;REQUEIJAO ZERO LAC VALEMILK 200G;5,00%
REDE UNIFORCA;DATERRA (ITAPIPOCA);152230;REQUEIJAO ZERO LAC VALEMILK 200G;5,00%
REDE SEMPRE BEM;-;152230;REQUEIJAO ZERO LAC VALEMILK 200G;5,00%
REDE UNIFORCA;DATERRA (IPU);152230;REQUEIJAO ZERO LAC VALEMILK 200G;5,00%
REDE EXATA;-;152230;REQUEIJAO ZERO LAC VALEMILK 200G;5,00%
FRANGOLANDIA;-;152230;REQUEIJAO ZERO LAC VALEMILK 200G;5,00%
-;CHOCOBALAS;152230;REQUEIJAO ZERO LAC VALEMILK 200G;5,00%
REDE UNIFORCA;DATERRA (ITAPIPOCA);121835;RICOTA VALEMILK 200G;5,00%
REDE UNIFORCA;DATERRA (IPU);121835;RICOTA VALEMILK 200G;5,00%
-;KALBIR;121835;RICOTA VALEMILK 200G;5,00%
REDE EXATA;-;121835;RICOTA VALEMILK 200G;5,00%
REDE EXATA;SUPERMERCADO ECONOMICO;121835;RICOTA VALEMILK 200G;5,00%
-;CHOCOBALAS;121835;RICOTA VALEMILK 200G;5,00%
-;POPULAR ATACADISTA;168454;BEBIDA LACTEA BANDEJA MOR/SF VALEMILK 540G;4,00%
-;POPULAR ATACADISTA;268054;BEBIDA LACTEA BANDEJA MORANGO DIPAULA 510G;4,00%
-;POPULAR ATACADISTA;168054;BEBIDA LACTEA BANDEJA MORANGO VALEMILK 540G;4,00%
-;POPULAR ATACADISTA;138265;BEBIDA LACTEA DE AMEIXA VALEMILK 900G;4,00%
-;POPULAR ATACADISTA;138365;BEBIDA LACTEA DE GOIABA VALEMILK 900G;4,00%
-;POPULAR ATACADISTA;138465;BEBIDA LACTEA DE GRAVIOLA VALEMILK 900G;4,00%
-;POPULAR ATACADISTA;238070;BEBIDA LACTEA DE MORANGO DIPAULA 900G;4,00%
-;POPULAR ATACADISTA;138070;BEBIDA LACTEA DE MORANGO VALEMILK 900G;4,00%
-;POPULAR ATACADISTA;138170;BEBIDA LACTEA DE SALADA DE FRUTA VALEMILK 900G;4,00%
-;POPULAR ATACADISTA;177201;COALHADA DESNATADA VALEMILK 140G;4,00%
-;POPULAR ATACADISTA;177001;COALHADA INTEGRAL VALEMILK 140G;4,00%
-;POPULAR ATACADISTA;154520;DOCE DE LEITE VALEMILK 350G;4,00%
-;POPULAR ATACADISTA;154920;DOCE DE LEITE ZERO LACT VALEMILK 300G;4,00%
-;POPULAR ATACADISTA;197201;GAR IOG TRIPLO ZERO AMEIXA VALEMILK 170G;4,00%
-;POPULAR ATACADISTA;197001;GAR IOG TRIPLO ZERO MORANGO VALEMILK 170G;4,00%
-;POPULAR ATACADISTA;188225;GAR IOGURTE AMEIXA VALEMILK 170G;4,00%
-;POPULAR ATACADISTA;188085;GAR IOGURTE MORANGO VALEMILK 1,25KG;4,00%
-;POPULAR ATACADISTA;188025;GAR IOGURTE MORANGO VALEMILK 170G;4,00%
-;POPULAR ATACADISTA;188065;GAR IOGURTE MORANGO VALEMILK 900G;4,00%
-;POPULAR ATACADISTA;188185;GAR IOGURTE VITAMINA DE FRUTAS VALEMILK 1,25KG;4,00%
-;POPULAR ATACADISTA;188125;GAR IOGURTE VITAMINA DE FRUTAS VALEMILK 170G;4,00%
-;POPULAR ATACADISTA;188165;GAR IOGURTE VITAMINA DE FRUTAS VALEMILK 900G;4,00%
-;POPULAR ATACADISTA;187301;IOGURTE BICAMADA MORANGO VALEMILK 130G;4,00%
-;POPULAR ATACADISTA;187201;IOGURTE NATURAL DESNATADO VALEMILK 150G;4,00%
-;POPULAR ATACADISTA;187001;IOGURTE NATURAL INTEGRAL VALEMILK 150G;4,00%
-;POPULAR ATACADISTA;187401;IOGURTE NATURAL LAR/CEN/MEL VALEMILK 150G;4,00%
-;POPULAR ATACADISTA;198081;IOGURTE WHEY BAUNILHA VALEMILK 170G;4,00%
-;POPULAR ATACADISTA;198041;IOGURTE WHEY MORANGO VALEMILK 170G;4,00%
-;POPULAR ATACADISTA;198001;IOGURTE WHEY TRADICIONAL VALEMILK 170G;4,00%
-;POPULAR ATACADISTA;152515;MANTEIGA DA TERRA VALEMILK 190G;4,00%
-;POPULAR ATACADISTA;152560;MANTEIGA GHEE VALEMILK 160G;4,00%
-;POPULAR ATACADISTA;152530;MANTEIGA VALEMILK 200G;4,00%
-;POPULAR ATACADISTA;152545;MANTEIGA VALEMILK 500G;4,00%
-;POPULAR ATACADISTA;252130;MISTURA DE REQUEIJAO LIGHT DIPAULA 200G;4,00%
-;POPULAR ATACADISTA;252030;MISTURA DE REQUEIJAO TRAD DIPAULA 200G;4,00%
-;POPULAR ATACADISTA;153035;NATA COM SAL VALEMILK 200G;4,00%
-;POPULAR ATACADISTA;152130;REQUEIJAO LIGHT VALEMILK 200G;4,00%
-;POPULAR ATACADISTA;152150;REQUEIJAO LIGHT VALEMILK 400G;4,00%
-;POPULAR ATACADISTA;152030;REQUEIJAO TRAD VALEMILK 200G;4,00%
-;POPULAR ATACADISTA;152050;REQUEIJAO TRAD VALEMILK 400G;4,00%
-;POPULAR ATACADISTA;152230;REQUEIJAO ZERO LAC VALEMILK 200G;4,00%
-;MORANGUINHO;168454;BEBIDA LACTEA BANDEJA MOR/SF VALEMILK 540G;3,00%
REDE PARCERIA;MAE RAINHA;168454;BEBIDA LACTEA BANDEJA MOR/SF VALEMILK 540G;3,00%
SUPER DO POVO;-;168454;BEBIDA LACTEA BANDEJA MOR/SF VALEMILK 540G;3,00%
-;ATACAREJO SAO FRANCISCO;168454;BEBIDA LACTEA BANDEJA MOR/SF VALEMILK 540G;3,00%
-;MK MERCANTIL;168454;BEBIDA LACTEA BANDEJA MOR/SF VALEMILK 540G;3,00%
REDE PARCERIA;SUPERMERCADO VAREJAO;168454;BEBIDA LACTEA BANDEJA MOR/SF VALEMILK 540G;3,00%
SUPER LAGOA;-;168454;BEBIDA LACTEA BANDEJA MOR/SF VALEMILK 540G;3,00%
REDE POUPE MAX;SUPER CUMBUCO;168454;BEBIDA LACTEA BANDEJA MOR/SF VALEMILK 540G;3,00%
REDE PARCERIA;MIRELLY;168454;BEBIDA LACTEA BANDEJA MOR/SF VALEMILK 540G;3,00%
REDE UNIFORCA;SANTA EDWIGES SUPERMERCADO;168454;BEBIDA LACTEA BANDEJA MOR/SF VALEMILK 540G;3,00%
SUPER LAGOA;-;268054;BEBIDA LACTEA BANDEJA MORANGO DIPAULA 510G;3,00%
REDE UNIFORCA;SANTA EDWIGES SUPERMERCADO;268054;BEBIDA LACTEA BANDEJA MORANGO DIPAULA 510G;3,00%
REDE PARCERIA;MAE RAINHA;268054;BEBIDA LACTEA BANDEJA MORANGO DIPAULA 510G;3,00%
-;ATACAREJO SAO FRANCISCO;268054;BEBIDA LACTEA BANDEJA MORANGO DIPAULA 510G;3,00%
-;MK MERCANTIL;268054;BEBIDA LACTEA BANDEJA MORANGO DIPAULA 510G;3,00%
REDE PARCERIA;MIRELLY;268054;BEBIDA LACTEA BANDEJA MORANGO DIPAULA 510G;3,00%
SUPER DO POVO;-;268054;BEBIDA LACTEA BANDEJA MORANGO DIPAULA 510G;3,00%
REDE POUPE MAX;SUPER CUMBUCO;268054;BEBIDA LACTEA BANDEJA MORANGO DIPAULA 510G;3,00%
-;MORANGUINHO;268054;BEBIDA LACTEA BANDEJA MORANGO DIPAULA 510G;3,00%
-;MORANGUINHO;168054;BEBIDA LACTEA BANDEJA MORANGO VALEMILK 540G;3,00%
REDE PARCERIA;MAE RAINHA;168054;BEBIDA LACTEA BANDEJA MORANGO VALEMILK 540G;3,00%
SUPER DO POVO;-;168054;BEBIDA LACTEA BANDEJA MORANGO VALEMILK 540G;3,00%
-;ATACAREJO SAO FRANCISCO;168054;BEBIDA LACTEA BANDEJA MORANGO VALEMILK 540G;3,00%
-;MK MERCANTIL;168054;BEBIDA LACTEA BANDEJA MORANGO VALEMILK 540G;3,00%
REDE PARCERIA;SUPERMERCADO VAREJAO;168054;BEBIDA LACTEA BANDEJA MORANGO VALEMILK 540G;3,00%
SUPER LAGOA;-;168054;BEBIDA LACTEA BANDEJA MORANGO VALEMILK 540G;3,00%
REDE PARCERIA;MIRELLY;168054;BEBIDA LACTEA BANDEJA MORANGO VALEMILK 540G;3,00%
REDE UNIFORCA;SANTA EDWIGES SUPERMERCADO;168054;BEBIDA LACTEA BANDEJA MORANGO VALEMILK 540G;3,00%
REDE POUPE MAX;SUPER CUMBUCO;168054;BEBIDA LACTEA BANDEJA MORANGO VALEMILK 540G;3,00%
-;MORANGUINHO;138265;BEBIDA LACTEA DE AMEIXA VALEMILK 900G;3,00%
REDE UNIFORCA;SANTA EDWIGES SUPERMERCADO;138265;BEBIDA LACTEA DE AMEIXA VALEMILK 900G;3,00%
-;MK MERCANTIL;138265;BEBIDA LACTEA DE AMEIXA VALEMILK 900G;3,00%
-;ATACAREJO SAO FRANCISCO;138265;BEBIDA LACTEA DE AMEIXA VALEMILK 900G;3,00%
REDE PARCERIA;MAE RAINHA;138265;BEBIDA LACTEA DE AMEIXA VALEMILK 900G;3,00%
REDE PARCERIA;SUPERMERCADO VAREJAO;138265;BEBIDA LACTEA DE AMEIXA VALEMILK 900G;3,00%
SUPER LAGOA;-;138265;BEBIDA LACTEA DE AMEIXA VALEMILK 900G;3,00%
REDE PARCERIA;MIRELLY;138265;BEBIDA LACTEA DE AMEIXA VALEMILK 900G;3,00%
REDE POUPE MAX;SUPER CUMBUCO;138265;BEBIDA LACTEA DE AMEIXA VALEMILK 900G;3,00%
SUPER DO POVO;-;138265;BEBIDA LACTEA DE AMEIXA VALEMILK 900G;3,00%
-;MORANGUINHO;138365;BEBIDA LACTEA DE GOIABA VALEMILK 900G;3,00%
-;MK MERCANTIL;138365;BEBIDA LACTEA DE GOIABA VALEMILK 900G;3,00%
-;ATACAREJO SAO FRANCISCO;138365;BEBIDA LACTEA DE GOIABA VALEMILK 900G;3,00%
REDE UNIFORCA;SANTA EDWIGES SUPERMERCADO;138365;BEBIDA LACTEA DE GOIABA VALEMILK 900G;3,00%
REDE PARCERIA;MAE RAINHA;138365;BEBIDA LACTEA DE GOIABA VALEMILK 900G;3,00%
REDE PARCERIA;SUPERMERCADO VAREJAO;138365;BEBIDA LACTEA DE GOIABA VALEMILK 900G;3,00%
SUPER LAGOA;-;138365;BEBIDA LACTEA DE GOIABA VALEMILK 900G;3,00%
REDE PARCERIA;MIRELLY;138365;BEBIDA LACTEA DE GOIABA VALEMILK 900G;3,00%
REDE POUPE MAX;SUPER CUMBUCO;138365;BEBIDA LACTEA DE GOIABA VALEMILK 900G;3,00%
SUPER DO POVO;-;138365;BEBIDA LACTEA DE GOIABA VALEMILK 900G;3,00%
-;MORANGUINHO;138465;BEBIDA LACTEA DE GRAVIOLA VALEMILK 900G;3,00%
REDE UNIFORCA;SANTA EDWIGES SUPERMERCADO;138465;BEBIDA LACTEA DE GRAVIOLA VALEMILK 900G;3,00%
-;MK MERCANTIL;138465;BEBIDA LACTEA DE GRAVIOLA VALEMILK 900G;3,00%
-;ATACAREJO SAO FRANCISCO;138465;BEBIDA LACTEA DE GRAVIOLA VALEMILK 900G;3,00%
REDE PARCERIA;MAE RAINHA;138465;BEBIDA LACTEA DE GRAVIOLA VALEMILK 900G;3,00%
REDE PARCERIA;SUPERMERCADO VAREJAO;138465;BEBIDA LACTEA DE GRAVIOLA VALEMILK 900G;3,00%
SUPER LAGOA;-;138465;BEBIDA LACTEA DE GRAVIOLA VALEMILK 900G;3,00%
REDE PARCERIA;MIRELLY;138465;BEBIDA LACTEA DE GRAVIOLA VALEMILK 900G;3,00%
REDE POUPE MAX;SUPER CUMBUCO;138465;BEBIDA LACTEA DE GRAVIOLA VALEMILK 900G;3,00%
SUPER DO POVO;-;138465;BEBIDA LACTEA DE GRAVIOLA VALEMILK 900G;3,00%
SUPER LAGOA;-;238070;BEBIDA LACTEA DE MORANGO DIPAULA 900G;3,00%
REDE PARCERIA;MAE RAINHA;238070;BEBIDA LACTEA DE MORANGO DIPAULA 900G;3,00%
-;MORANGUINHO;238070;BEBIDA LACTEA DE MORANGO DIPAULA 900G;3,00%
-;MK MERCANTIL;238070;BEBIDA LACTEA DE MORANGO DIPAULA 900G;3,00%
SUPER DO POVO;-;238070;BEBIDA LACTEA DE MORANGO DIPAULA 900G;3,00%
-;ATACAREJO SAO FRANCISCO;238070;BEBIDA LACTEA DE MORANGO DIPAULA 900G;3,00%
REDE POUPE MAX;SUPER CUMBUCO;238070;BEBIDA LACTEA DE MORANGO DIPAULA 900G;3,00%
REDE UNIFORCA;SANTA EDWIGES SUPERMERCADO;238070;BEBIDA LACTEA DE MORANGO DIPAULA 900G;3,00%
-;MORANGUINHO;138070;BEBIDA LACTEA DE MORANGO VALEMILK 900G;3,00%
-;ATACAREJO SAO FRANCISCO;138070;BEBIDA LACTEA DE MORANGO VALEMILK 900G;3,00%
REDE UNIFORCA;SANTA EDWIGES SUPERMERCADO;138070;BEBIDA LACTEA DE MORANGO VALEMILK 900G;3,00%
-;MK MERCANTIL;138070;BEBIDA LACTEA DE MORANGO VALEMILK 900G;3,00%
REDE PARCERIA;MAE RAINHA;138070;BEBIDA LACTEA DE MORANGO VALEMILK 900G;3,00%
REDE PARCERIA;SUPERMERCADO VAREJAO;138070;BEBIDA LACTEA DE MORANGO VALEMILK 900G;3,00%
SUPER LAGOA;-;138070;BEBIDA LACTEA DE MORANGO VALEMILK 900G;3,00%
REDE PARCERIA;MIRELLY;138070;BEBIDA LACTEA DE MORANGO VALEMILK 900G;3,00%
REDE POUPE MAX;SUPER CUMBUCO;138070;BEBIDA LACTEA DE MORANGO VALEMILK 900G;3,00%
SUPER DO POVO;-;138070;BEBIDA LACTEA DE MORANGO VALEMILK 900G;3,00%
-;MORANGUINHO;138170;BEBIDA LACTEA DE SALADA DE FRUTA VALEMILK 900G;3,00%
-;ATACAREJO SAO FRANCISCO;138170;BEBIDA LACTEA DE SALADA DE FRUTA VALEMILK 900G;3,00%
REDE UNIFORCA;SANTA EDWIGES SUPERMERCADO;138170;BEBIDA LACTEA DE SALADA DE FRUTA VALEMILK 900G;3,00%
-;MK MERCANTIL;138170;BEBIDA LACTEA DE SALADA DE FRUTA VALEMILK 900G;3,00%
REDE PARCERIA;MAE RAINHA;138170;BEBIDA LACTEA DE SALADA DE FRUTA VALEMILK 900G;3,00%
REDE PARCERIA;SUPERMERCADO VAREJAO;138170;BEBIDA LACTEA DE SALADA DE FRUTA VALEMILK 900G;3,00%
SUPER LAGOA;-;138170;BEBIDA LACTEA DE SALADA DE FRUTA VALEMILK 900G;3,00%
REDE PARCERIA;MIRELLY;138170;BEBIDA LACTEA DE SALADA DE FRUTA VALEMILK 900G;3,00%
REDE POUPE MAX;SUPER CUMBUCO;138170;BEBIDA LACTEA DE SALADA DE FRUTA VALEMILK 900G;3,00%
SUPER DO POVO;-;138170;BEBIDA LACTEA DE SALADA DE FRUTA VALEMILK 900G;3,00%
SUPER DO POVO;-;177201;COALHADA DESNATADA VALEMILK 140G;3,00%
-;MK MERCANTIL;177201;COALHADA DESNATADA VALEMILK 140G;3,00%
-;ATACAREJO SAO FRANCISCO;177201;COALHADA DESNATADA VALEMILK 140G;3,00%
REDE PARCERIA;SUPERMERCADO VAREJAO;177201;COALHADA DESNATADA VALEMILK 140G;3,00%
REDE PARCERIA;MAE RAINHA;177201;COALHADA DESNATADA VALEMILK 140G;3,00%
REDE PARCERIA;MIRELLY;177201;COALHADA DESNATADA VALEMILK 140G;3,00%
REDE POUPE MAX;SUPER CUMBUCO;177201;COALHADA DESNATADA VALEMILK 140G;3,00%
REDE UNIFORCA;SANTA EDWIGES SUPERMERCADO;177201;COALHADA DESNATADA VALEMILK 140G;3,00%
SUPER LAGOA;-;177201;COALHADA DESNATADA VALEMILK 140G;3,00%
-;MORANGUINHO;177201;COALHADA DESNATADA VALEMILK 140G;3,00%
SUPER DO POVO;-;177001;COALHADA INTEGRAL VALEMILK 140G;3,00%
-;MK MERCANTIL;177001;COALHADA INTEGRAL VALEMILK 140G;3,00%
-;ATACAREJO SAO FRANCISCO;177001;COALHADA INTEGRAL VALEMILK 140G;3,00%
REDE PARCERIA;SUPERMERCADO VAREJAO;177001;COALHADA INTEGRAL VALEMILK 140G;3,00%
REDE PARCERIA;MAE RAINHA;177001;COALHADA INTEGRAL VALEMILK 140G;3,00%
REDE UNIFORCA;SANTA EDWIGES SUPERMERCADO;177001;COALHADA INTEGRAL VALEMILK 140G;3,00%
SUPER LAGOA;-;177001;COALHADA INTEGRAL VALEMILK 140G;3,00%
REDE PARCERIA;MIRELLY;177001;COALHADA INTEGRAL VALEMILK 140G;3,00%
REDE POUPE MAX;SUPER CUMBUCO;177001;COALHADA INTEGRAL VALEMILK 140G;3,00%
-;MORANGUINHO;177001;COALHADA INTEGRAL VALEMILK 140G;3,00%
-;ATACAREJO SAO FRANCISCO;154520;DOCE DE LEITE VALEMILK 350G;3,00%
REDE UNIFORCA;SANTA EDWIGES SUPERMERCADO;154520;DOCE DE LEITE VALEMILK 350G;3,00%
-;MK MERCANTIL;154520;DOCE DE LEITE VALEMILK 350G;3,00%
SUPER DO POVO;-;154520;DOCE DE LEITE VALEMILK 350G;3,00%
REDE PARCERIA;SUPERMERCADO VAREJAO;154520;DOCE DE LEITE VALEMILK 350G;3,00%
REDE PARCERIA;MIRELLY;154520;DOCE DE LEITE VALEMILK 350G;3,00%
REDE POUPE MAX;SUPER CUMBUCO;154520;DOCE DE LEITE VALEMILK 350G;3,00%
SUPER LAGOA;-;154520;DOCE DE LEITE VALEMILK 350G;3,00%
REDE PARCERIA;SUPERMERCADO VAREJAO;154920;DOCE DE LEITE ZERO LACT VALEMILK 300G;3,00%
-;MK MERCANTIL;154920;DOCE DE LEITE ZERO LACT VALEMILK 300G;3,00%
REDE PARCERIA;MIRELLY;154920;DOCE DE LEITE ZERO LACT VALEMILK 300G;3,00%
REDE POUPE MAX;SUPER CUMBUCO;154920;DOCE DE LEITE ZERO LACT VALEMILK 300G;3,00%
REDE UNIFORCA;SANTA EDWIGES SUPERMERCADO;154920;DOCE DE LEITE ZERO LACT VALEMILK 300G;3,00%
SUPER LAGOA;-;154920;DOCE DE LEITE ZERO LACT VALEMILK 300G;3,00%
SUPER DO POVO;-;154920;DOCE DE LEITE ZERO LACT VALEMILK 300G;3,00%
-;ATACAREJO SAO FRANCISCO;154920;DOCE DE LEITE ZERO LACT VALEMILK 300G;3,00%
REDE PARCERIA;SUPERMERCADO VAREJAO;197201;GAR IOG TRIPLO ZERO AMEIXA VALEMILK 170G;3,00%
REDE PARCERIA;MAE RAINHA;197201;GAR IOG TRIPLO ZERO AMEIXA VALEMILK 170G;3,00%
REDE POUPE MAX;SUPER CUMBUCO;197201;GAR IOG TRIPLO ZERO AMEIXA VALEMILK 170G;3,00%
REDE UNIFORCA;SANTA EDWIGES SUPERMERCADO;197201;GAR IOG TRIPLO ZERO AMEIXA VALEMILK 170G;3,00%
SUPER DO POVO;-;197201;GAR IOG TRIPLO ZERO AMEIXA VALEMILK 170G;3,00%
SUPER LAGOA;-;197201;GAR IOG TRIPLO ZERO AMEIXA VALEMILK 170G;3,00%
REDE PARCERIA;MIRELLY;197201;GAR IOG TRIPLO ZERO AMEIXA VALEMILK 170G;3,00%
-;ATACAREJO SAO FRANCISCO;197201;GAR IOG TRIPLO ZERO AMEIXA VALEMILK 170G;3,00%
-;MK MERCANTIL;197201;GAR IOG TRIPLO ZERO AMEIXA VALEMILK 170G;3,00%
-;MORANGUINHO;197201;GAR IOG TRIPLO ZERO AMEIXA VALEMILK 170G;3,00%
REDE PARCERIA;SUPERMERCADO VAREJAO;197001;GAR IOG TRIPLO ZERO MORANGO VALEMILK 170G;3,00%
REDE PARCERIA;MAE RAINHA;197001;GAR IOG TRIPLO ZERO MORANGO VALEMILK 170G;3,00%
REDE POUPE MAX;SUPER CUMBUCO;197001;GAR IOG TRIPLO ZERO MORANGO VALEMILK 170G;3,00%
REDE UNIFORCA;SANTA EDWIGES SUPERMERCADO;197001;GAR IOG TRIPLO ZERO MORANGO VALEMILK 170G;3,00%
SUPER DO POVO;-;197001;GAR IOG TRIPLO ZERO MORANGO VALEMILK 170G;3,00%
SUPER LAGOA;-;197001;GAR IOG TRIPLO ZERO MORANGO VALEMILK 170G;3,00%
REDE PARCERIA;MIRELLY;197001;GAR IOG TRIPLO ZERO MORANGO VALEMILK 170G;3,00%
-;ATACAREJO SAO FRANCISCO;197001;GAR IOG TRIPLO ZERO MORANGO VALEMILK 170G;3,00%
-;MK MERCANTIL;197001;GAR IOG TRIPLO ZERO MORANGO VALEMILK 170G;3,00%
-;MORANGUINHO;197001;GAR IOG TRIPLO ZERO MORANGO VALEMILK 170G;3,00%
-;MK MERCANTIL;188225;GAR IOGURTE AMEIXA VALEMILK 170G;3,00%
-;ATACAREJO SAO FRANCISCO;188225;GAR IOGURTE AMEIXA VALEMILK 170G;3,00%
REDE PARCERIA;SUPERMERCADO VAREJAO;188225;GAR IOGURTE AMEIXA VALEMILK 170G;3,00%
REDE PARCERIA;MAE RAINHA;188225;GAR IOGURTE AMEIXA VALEMILK 170G;3,00%
-;MORANGUINHO;188225;GAR IOGURTE AMEIXA VALEMILK 170G;3,00%
REDE PARCERIA;MIRELLY;188225;GAR IOGURTE AMEIXA VALEMILK 170G;3,00%
REDE POUPE MAX;SUPER CUMBUCO;188225;GAR IOGURTE AMEIXA VALEMILK 170G;3,00%
REDE UNIFORCA;SANTA EDWIGES SUPERMERCADO;188225;GAR IOGURTE AMEIXA VALEMILK 170G;3,00%
SUPER LAGOA;-;188225;GAR IOGURTE AMEIXA VALEMILK 170G;3,00%
SUPER DO POVO;-;188225;GAR IOGURTE AMEIXA VALEMILK 170G;3,00%
-;MORANGUINHO;188085;GAR IOGURTE MORANGO VALEMILK 1,25KG;3,00%
REDE PARCERIA;MIRELLY;188085;GAR IOGURTE MORANGO VALEMILK 1,25KG;3,00%
-;ATACAREJO SAO FRANCISCO;188085;GAR IOGURTE MORANGO VALEMILK 1,25KG;3,00%
REDE PARCERIA;MAE RAINHA;188085;GAR IOGURTE MORANGO VALEMILK 1,25KG;3,00%
REDE PARCERIA;SUPERMERCADO VAREJAO;188085;GAR IOGURTE MORANGO VALEMILK 1,25KG;3,00%
-;MK MERCANTIL;188085;GAR IOGURTE MORANGO VALEMILK 1,25KG;3,00%
REDE POUPE MAX;SUPER CUMBUCO;188085;GAR IOGURTE MORANGO VALEMILK 1,25KG;3,00%
REDE UNIFORCA;SANTA EDWIGES SUPERMERCADO;188085;GAR IOGURTE MORANGO VALEMILK 1,25KG;3,00%
SUPER DO POVO;-;188085;GAR IOGURTE MORANGO VALEMILK 1,25KG;3,00%
SUPER LAGOA;-;188085;GAR IOGURTE MORANGO VALEMILK 1,25KG;3,00%
-;MK MERCANTIL;188025;GAR IOGURTE MORANGO VALEMILK 170G;3,00%
-;ATACAREJO SAO FRANCISCO;188025;GAR IOGURTE MORANGO VALEMILK 170G;3,00%
REDE PARCERIA;SUPERMERCADO VAREJAO;188025;GAR IOGURTE MORANGO VALEMILK 170G;3,00%
REDE PARCERIA;MAE RAINHA;188025;GAR IOGURTE MORANGO VALEMILK 170G;3,00%
-;MORANGUINHO;188025;GAR IOGURTE MORANGO VALEMILK 170G;3,00%
REDE POUPE MAX;SUPER CUMBUCO;188025;GAR IOGURTE MORANGO VALEMILK 170G;3,00%
SUPER LAGOA;-;188025;GAR IOGURTE MORANGO VALEMILK 170G;3,00%
REDE UNIFORCA;SANTA EDWIGES SUPERMERCADO;188025;GAR IOGURTE MORANGO VALEMILK 170G;3,00%
REDE PARCERIA;MIRELLY;188025;GAR IOGURTE MORANGO VALEMILK 170G;3,00%
SUPER DO POVO;-;188025;GAR IOGURTE MORANGO VALEMILK 170G;3,00%
-;MK MERCANTIL;188065;GAR IOGURTE MORANGO VALEMILK 900G;3,00%
-;ATACAREJO SAO FRANCISCO;188065;GAR IOGURTE MORANGO VALEMILK 900G;3,00%
REDE PARCERIA;SUPERMERCADO VAREJAO;188065;GAR IOGURTE MORANGO VALEMILK 900G;3,00%
REDE PARCERIA;MAE RAINHA;188065;GAR IOGURTE MORANGO VALEMILK 900G;3,00%
REDE POUPE MAX;SUPER CUMBUCO;188065;GAR IOGURTE MORANGO VALEMILK 900G;3,00%
SUPER DO POVO;-;188065;GAR IOGURTE MORANGO VALEMILK 900G;3,00%
SUPER LAGOA;-;188065;GAR IOGURTE MORANGO VALEMILK 900G;3,00%
REDE UNIFORCA;SANTA EDWIGES SUPERMERCADO;188065;GAR IOGURTE MORANGO VALEMILK 900G;3,00%
REDE PARCERIA;MIRELLY;188065;GAR IOGURTE MORANGO VALEMILK 900G;3,00%
-;MORANGUINHO;188065;GAR IOGURTE MORANGO VALEMILK 900G;3,00%
-;MORANGUINHO;188185;GAR IOGURTE VITAMINA DE FRUTAS VALEMILK 1,25KG;3,00%
REDE PARCERIA;MIRELLY;188185;GAR IOGURTE VITAMINA DE FRUTAS VALEMILK 1,25KG;3,00%
-;ATACAREJO SAO FRANCISCO;188185;GAR IOGURTE VITAMINA DE FRUTAS VALEMILK 1,25KG;3,00%
REDE PARCERIA;MAE RAINHA;188185;GAR IOGURTE VITAMINA DE FRUTAS VALEMILK 1,25KG;3,00%
REDE PARCERIA;SUPERMERCADO VAREJAO;188185;GAR IOGURTE VITAMINA DE FRUTAS VALEMILK 1,25KG;3,00%
-;MK MERCANTIL;188185;GAR IOGURTE VITAMINA DE FRUTAS VALEMILK 1,25KG;3,00%
REDE POUPE MAX;SUPER CUMBUCO;188185;GAR IOGURTE VITAMINA DE FRUTAS VALEMILK 1,25KG;3,00%
REDE UNIFORCA;SANTA EDWIGES SUPERMERCADO;188185;GAR IOGURTE VITAMINA DE FRUTAS VALEMILK 1,25KG;3,00%
SUPER DO POVO;-;188185;GAR IOGURTE VITAMINA DE FRUTAS VALEMILK 1,25KG;3,00%
SUPER LAGOA;-;188185;GAR IOGURTE VITAMINA DE FRUTAS VALEMILK 1,25KG;3,00%
-;MK MERCANTIL;188125;GAR IOGURTE VITAMINA DE FRUTAS VALEMILK 170G;3,00%
-;ATACAREJO SAO FRANCISCO;188125;GAR IOGURTE VITAMINA DE FRUTAS VALEMILK 170G;3,00%
REDE PARCERIA;SUPERMERCADO VAREJAO;188125;GAR IOGURTE VITAMINA DE FRUTAS VALEMILK 170G;3,00%
REDE PARCERIA;MAE RAINHA;188125;GAR IOGURTE VITAMINA DE FRUTAS VALEMILK 170G;3,00%
-;MORANGUINHO;188125;GAR IOGURTE VITAMINA DE FRUTAS VALEMILK 170G;3,00%
REDE POUPE MAX;SUPER CUMBUCO;188125;GAR IOGURTE VITAMINA DE FRUTAS VALEMILK 170G;3,00%
SUPER LAGOA;-;188125;GAR IOGURTE VITAMINA DE FRUTAS VALEMILK 170G;3,00%
REDE UNIFORCA;SANTA EDWIGES SUPERMERCADO;188125;GAR IOGURTE VITAMINA DE FRUTAS VALEMILK 170G;3,00%
REDE PARCERIA;MIRELLY;188125;GAR IOGURTE VITAMINA DE FRUTAS VALEMILK 170G;3,00%
SUPER DO POVO;-;188125;GAR IOGURTE VITAMINA DE FRUTAS VALEMILK 170G;3,00%
-;MK MERCANTIL;188165;GAR IOGURTE VITAMINA DE FRUTAS VALEMILK 900G;3,00%
-;ATACAREJO SAO FRANCISCO;188165;GAR IOGURTE VITAMINA DE FRUTAS VALEMILK 900G;3,00%
REDE PARCERIA;SUPERMERCADO VAREJAO;188165;GAR IOGURTE VITAMINA DE FRUTAS VALEMILK 900G;3,00%
REDE PARCERIA;MAE RAINHA;188165;GAR IOGURTE VITAMINA DE FRUTAS VALEMILK 900G;3,00%
REDE POUPE MAX;SUPER CUMBUCO;188165;GAR IOGURTE VITAMINA DE FRUTAS VALEMILK 900G;3,00%
SUPER DO POVO;-;188165;GAR IOGURTE VITAMINA DE FRUTAS VALEMILK 900G;3,00%
SUPER LAGOA;-;188165;GAR IOGURTE VITAMINA DE FRUTAS VALEMILK 900G;3,00%
REDE UNIFORCA;SANTA EDWIGES SUPERMERCADO;188165;GAR IOGURTE VITAMINA DE FRUTAS VALEMILK 900G;3,00%
REDE PARCERIA;MIRELLY;188165;GAR IOGURTE VITAMINA DE FRUTAS VALEMILK 900G;3,00%
-;MORANGUINHO;188165;GAR IOGURTE VITAMINA DE FRUTAS VALEMILK 900G;3,00%
-;MORANGUINHO;187301;IOGURTE BICAMADA MORANGO VALEMILK 130G;3,00%
SUPER DO POVO;-;187301;IOGURTE BICAMADA MORANGO VALEMILK 130G;3,00%
-;ATACAREJO SAO FRANCISCO;187301;IOGURTE BICAMADA MORANGO VALEMILK 130G;3,00%
-;MK MERCANTIL;187301;IOGURTE BICAMADA MORANGO VALEMILK 130G;3,00%
REDE PARCERIA;SUPERMERCADO VAREJAO;187301;IOGURTE BICAMADA MORANGO VALEMILK 130G;3,00%
REDE PARCERIA;MAE RAINHA;187301;IOGURTE BICAMADA MORANGO VALEMILK 130G;3,00%
REDE POUPE MAX;SUPER CUMBUCO;187301;IOGURTE BICAMADA MORANGO VALEMILK 130G;3,00%
SUPER LAGOA;-;187301;IOGURTE BICAMADA MORANGO VALEMILK 130G;3,00%
REDE PARCERIA;MIRELLY;187301;IOGURTE BICAMADA MORANGO VALEMILK 130G;3,00%
REDE UNIFORCA;SANTA EDWIGES SUPERMERCADO;187301;IOGURTE BICAMADA MORANGO VALEMILK 130G;3,00%
SUPER DO POVO;-;187201;IOGURTE NATURAL DESNATADO VALEMILK 150G;3,00%
-;ATACAREJO SAO FRANCISCO;187201;IOGURTE NATURAL DESNATADO VALEMILK 150G;3,00%
-;MK MERCANTIL;187201;IOGURTE NATURAL DESNATADO VALEMILK 150G;3,00%
REDE PARCERIA;SUPERMERCADO VAREJAO;187201;IOGURTE NATURAL DESNATADO VALEMILK 150G;3,00%
-;MORANGUINHO;187201;IOGURTE NATURAL DESNATADO VALEMILK 150G;3,00%
REDE PARCERIA;MAE RAINHA;187201;IOGURTE NATURAL DESNATADO VALEMILK 150G;3,00%
REDE POUPE MAX;SUPER CUMBUCO;187201;IOGURTE NATURAL DESNATADO VALEMILK 150G;3,00%
REDE UNIFORCA;SANTA EDWIGES SUPERMERCADO;187201;IOGURTE NATURAL DESNATADO VALEMILK 150G;3,00%
SUPER LAGOA;-;187201;IOGURTE NATURAL DESNATADO VALEMILK 150G;3,00%
REDE PARCERIA;MIRELLY;187201;IOGURTE NATURAL DESNATADO VALEMILK 150G;3,00%
SUPER DO POVO;-;187001;IOGURTE NATURAL INTEGRAL VALEMILK 150G;3,00%
-;ATACAREJO SAO FRANCISCO;187001;IOGURTE NATURAL INTEGRAL VALEMILK 150G;3,00%
-;MK MERCANTIL;187001;IOGURTE NATURAL INTEGRAL VALEMILK 150G;3,00%
REDE PARCERIA;SUPERMERCADO VAREJAO;187001;IOGURTE NATURAL INTEGRAL VALEMILK 150G;3,00%
-;MORANGUINHO;187001;IOGURTE NATURAL INTEGRAL VALEMILK 150G;3,00%
REDE PARCERIA;MAE RAINHA;187001;IOGURTE NATURAL INTEGRAL VALEMILK 150G;3,00%
SUPER LAGOA;-;187001;IOGURTE NATURAL INTEGRAL VALEMILK 150G;3,00%
REDE PARCERIA;MIRELLY;187001;IOGURTE NATURAL INTEGRAL VALEMILK 150G;3,00%
REDE POUPE MAX;SUPER CUMBUCO;187001;IOGURTE NATURAL INTEGRAL VALEMILK 150G;3,00%
REDE UNIFORCA;SANTA EDWIGES SUPERMERCADO;187001;IOGURTE NATURAL INTEGRAL VALEMILK 150G;3,00%
SUPER DO POVO;-;187401;IOGURTE NATURAL LAR/CEN/MEL VALEMILK 150G;3,00%
REDE PARCERIA;SUPERMERCADO VAREJAO;187401;IOGURTE NATURAL LAR/CEN/MEL VALEMILK 150G;3,00%
-;MORANGUINHO;187401;IOGURTE NATURAL LAR/CEN/MEL VALEMILK 150G;3,00%
REDE PARCERIA;MAE RAINHA;187401;IOGURTE NATURAL LAR/CEN/MEL VALEMILK 150G;3,00%
REDE POUPE MAX;SUPER CUMBUCO;187401;IOGURTE NATURAL LAR/CEN/MEL VALEMILK 150G;3,00%
REDE UNIFORCA;SANTA EDWIGES SUPERMERCADO;187401;IOGURTE NATURAL LAR/CEN/MEL VALEMILK 150G;3,00%
SUPER LAGOA;-;187401;IOGURTE NATURAL LAR/CEN/MEL VALEMILK 150G;3,00%
-;MK MERCANTIL;187401;IOGURTE NATURAL LAR/CEN/MEL VALEMILK 150G;3,00%
-;ATACAREJO SAO FRANCISCO;187401;IOGURTE NATURAL LAR/CEN/MEL VALEMILK 150G;3,00%
REDE PARCERIA;MIRELLY;187401;IOGURTE NATURAL LAR/CEN/MEL VALEMILK 150G;3,00%
-;MORANGUINHO;198081;IOGURTE WHEY BAUNILHA VALEMILK 170G;3,00%
-;MK MERCANTIL;198081;IOGURTE WHEY BAUNILHA VALEMILK 170G;3,00%
REDE PARCERIA;MAE RAINHA;198081;IOGURTE WHEY BAUNILHA VALEMILK 170G;3,00%
REDE PARCERIA;MIRELLY;198081;IOGURTE WHEY BAUNILHA VALEMILK 170G;3,00%
REDE PARCERIA;SUPERMERCADO VAREJAO;198081;IOGURTE WHEY BAUNILHA VALEMILK 170G;3,00%
REDE POUPE MAX;SUPER CUMBUCO;198081;IOGURTE WHEY BAUNILHA VALEMILK 170G;3,00%
REDE UNIFORCA;SANTA EDWIGES SUPERMERCADO;198081;IOGURTE WHEY BAUNILHA VALEMILK 170G;3,00%
SUPER DO POVO;-;198081;IOGURTE WHEY BAUNILHA VALEMILK 170G;3,00%
SUPER LAGOA;-;198081;IOGURTE WHEY BAUNILHA VALEMILK 170G;3,00%
-;ATACAREJO SAO FRANCISCO;198081;IOGURTE WHEY BAUNILHA VALEMILK 170G;3,00%
-;MORANGUINHO;198041;IOGURTE WHEY MORANGO VALEMILK 170G;3,00%
REDE PARCERIA;MAE RAINHA;198041;IOGURTE WHEY MORANGO VALEMILK 170G;3,00%
REDE PARCERIA;MIRELLY;198041;IOGURTE WHEY MORANGO VALEMILK 170G;3,00%
REDE PARCERIA;SUPERMERCADO VAREJAO;198041;IOGURTE WHEY MORANGO VALEMILK 170G;3,00%
REDE POUPE MAX;SUPER CUMBUCO;198041;IOGURTE WHEY MORANGO VALEMILK 170G;3,00%
REDE UNIFORCA;SANTA EDWIGES SUPERMERCADO;198041;IOGURTE WHEY MORANGO VALEMILK 170G;3,00%
SUPER DO POVO;-;198041;IOGURTE WHEY MORANGO VALEMILK 170G;3,00%
SUPER LAGOA;-;198041;IOGURTE WHEY MORANGO VALEMILK 170G;3,00%
-;MK MERCANTIL;198041;IOGURTE WHEY MORANGO VALEMILK 170G;3,00%
-;ATACAREJO SAO FRANCISCO;198041;IOGURTE WHEY MORANGO VALEMILK 170G;3,00%
-;MORANGUINHO;198001;IOGURTE WHEY TRADICIONAL VALEMILK 170G;3,00%
-;ATACAREJO SAO FRANCISCO;198001;IOGURTE WHEY TRADICIONAL VALEMILK 170G;3,00%
REDE PARCERIA;MAE RAINHA;198001;IOGURTE WHEY TRADICIONAL VALEMILK 170G;3,00%
REDE PARCERIA;MIRELLY;198001;IOGURTE WHEY TRADICIONAL VALEMILK 170G;3,00%
REDE PARCERIA;SUPERMERCADO VAREJAO;198001;IOGURTE WHEY TRADICIONAL VALEMILK 170G;3,00%
REDE POUPE MAX;SUPER CUMBUCO;198001;IOGURTE WHEY TRADICIONAL VALEMILK 170G;3,00%
REDE UNIFORCA;SANTA EDWIGES SUPERMERCADO;198001;IOGURTE WHEY TRADICIONAL VALEMILK 170G;3,00%
SUPER DO POVO;-;198001;IOGURTE WHEY TRADICIONAL VALEMILK 170G;3,00%
SUPER LAGOA;-;198001;IOGURTE WHEY TRADICIONAL VALEMILK 170G;3,00%
-;MK MERCANTIL;198001;IOGURTE WHEY TRADICIONAL VALEMILK 170G;3,00%
SUPER DO POVO;-;152515;MANTEIGA DA TERRA VALEMILK 190G;3,00%
REDE PARCERIA;MAE RAINHA;152515;MANTEIGA DA TERRA VALEMILK 190G;3,00%
REDE PARCERIA;SUPERMERCADO VAREJAO;152515;MANTEIGA DA TERRA VALEMILK 190G;3,00%
-;MK MERCANTIL;152515;MANTEIGA DA TERRA VALEMILK 190G;3,00%
SUPER LAGOA;-;152515;MANTEIGA DA TERRA VALEMILK 190G;3,00%
REDE UNIFORCA;SANTA EDWIGES SUPERMERCADO;152515;MANTEIGA DA TERRA VALEMILK 190G;3,00%
REDE PARCERIA;MIRELLY;152515;MANTEIGA DA TERRA VALEMILK 190G;3,00%
REDE POUPE MAX;SUPER CUMBUCO;152515;MANTEIGA DA TERRA VALEMILK 190G;3,00%
-;ATACAREJO SAO FRANCISCO;152515;MANTEIGA DA TERRA VALEMILK 190G;3,00%
SUPER DO POVO;-;152560;MANTEIGA GHEE VALEMILK 160G;3,00%
SUPER LAGOA;-;152560;MANTEIGA GHEE VALEMILK 160G;3,00%
-;MK MERCANTIL;152560;MANTEIGA GHEE VALEMILK 160G;3,00%
REDE POUPE MAX;SUPER CUMBUCO;152560;MANTEIGA GHEE VALEMILK 160G;3,00%
REDE UNIFORCA;SANTA EDWIGES SUPERMERCADO;152560;MANTEIGA GHEE VALEMILK 160G;3,00%
-;ATACAREJO SAO FRANCISCO;152560;MANTEIGA GHEE VALEMILK 160G;3,00%
REDE PARCERIA;MAE RAINHA;152560;MANTEIGA GHEE VALEMILK 160G;3,00%
REDE UNIFORCA;SANTA EDWIGES SUPERMERCADO;152530;MANTEIGA VALEMILK 200G;3,00%
-;MK MERCANTIL;152530;MANTEIGA VALEMILK 200G;3,00%
-;ATACAREJO SAO FRANCISCO;152530;MANTEIGA VALEMILK 200G;3,00%
REDE PARCERIA;MAE RAINHA;152530;MANTEIGA VALEMILK 200G;3,00%
REDE PARCERIA;SUPERMERCADO VAREJAO;152530;MANTEIGA VALEMILK 200G;3,00%
SUPER DO POVO;-;152530;MANTEIGA VALEMILK 200G;3,00%
SUPER LAGOA;-;152530;MANTEIGA VALEMILK 200G;3,00%
REDE PARCERIA;MIRELLY;152530;MANTEIGA VALEMILK 200G;3,00%
REDE POUPE MAX;SUPER CUMBUCO;152530;MANTEIGA VALEMILK 200G;3,00%
-;MK MERCANTIL;152545;MANTEIGA VALEMILK 500G;3,00%
REDE PARCERIA;MAE RAINHA;152545;MANTEIGA VALEMILK 500G;3,00%
SUPER DO POVO;-;152545;MANTEIGA VALEMILK 500G;3,00%
-;ATACAREJO SAO FRANCISCO;152545;MANTEIGA VALEMILK 500G;3,00%
REDE PARCERIA;SUPERMERCADO VAREJAO;152545;MANTEIGA VALEMILK 500G;3,00%
SUPER LAGOA;-;152545;MANTEIGA VALEMILK 500G;3,00%
REDE UNIFORCA;SANTA EDWIGES SUPERMERCADO;152545;MANTEIGA VALEMILK 500G;3,00%
REDE PARCERIA;MIRELLY;152545;MANTEIGA VALEMILK 500G;3,00%
REDE POUPE MAX;SUPER CUMBUCO;152545;MANTEIGA VALEMILK 500G;3,00%
REDE PARCERIA;MAE RAINHA;252130;MISTURA DE REQUEIJAO LIGHT DIPAULA 200G;3,00%
REDE UNIFORCA;SANTA EDWIGES SUPERMERCADO;252130;MISTURA DE REQUEIJAO LIGHT DIPAULA 200G;3,00%
-;ATACAREJO SAO FRANCISCO;252130;MISTURA DE REQUEIJAO LIGHT DIPAULA 200G;3,00%
-;MK MERCANTIL;252130;MISTURA DE REQUEIJAO LIGHT DIPAULA 200G;3,00%
SUPER DO POVO;-;252130;MISTURA DE REQUEIJAO LIGHT DIPAULA 200G;3,00%
SUPER LAGOA;-;252130;MISTURA DE REQUEIJAO LIGHT DIPAULA 200G;3,00%
REDE POUPE MAX;SUPER CUMBUCO;252130;MISTURA DE REQUEIJAO LIGHT DIPAULA 200G;3,00%
REDE PARCERIA;MIRELLY;252130;MISTURA DE REQUEIJAO LIGHT DIPAULA 200G;3,00%
REDE PARCERIA;MAE RAINHA;252030;MISTURA DE REQUEIJAO TRAD DIPAULA 200G;3,00%
REDE UNIFORCA;SANTA EDWIGES SUPERMERCADO;252030;MISTURA DE REQUEIJAO TRAD DIPAULA 200G;3,00%
-;ATACAREJO SAO FRANCISCO;252030;MISTURA DE REQUEIJAO TRAD DIPAULA 200G;3,00%
-;MK MERCANTIL;252030;MISTURA DE REQUEIJAO TRAD DIPAULA 200G;3,00%
REDE PARCERIA;MIRELLY;252030;MISTURA DE REQUEIJAO TRAD DIPAULA 200G;3,00%
SUPER DO POVO;-;252030;MISTURA DE REQUEIJAO TRAD DIPAULA 200G;3,00%
SUPER LAGOA;-;252030;MISTURA DE REQUEIJAO TRAD DIPAULA 200G;3,00%
REDE POUPE MAX;SUPER CUMBUCO;252030;MISTURA DE REQUEIJAO TRAD DIPAULA 200G;3,00%
SUPER DO POVO;-;153035;NATA COM SAL VALEMILK 200G;3,00%
REDE PARCERIA;MAE RAINHA;153035;NATA COM SAL VALEMILK 200G;3,00%
REDE PARCERIA;SUPERMERCADO VAREJAO;153035;NATA COM SAL VALEMILK 200G;3,00%
-;MK MERCANTIL;153035;NATA COM SAL VALEMILK 200G;3,00%
SUPER LAGOA;-;153035;NATA COM SAL VALEMILK 200G;3,00%
REDE PARCERIA;MIRELLY;153035;NATA COM SAL VALEMILK 200G;3,00%
REDE UNIFORCA;SANTA EDWIGES SUPERMERCADO;153035;NATA COM SAL VALEMILK 200G;3,00%
REDE POUPE MAX;SUPER CUMBUCO;153035;NATA COM SAL VALEMILK 200G;3,00%
-;ATACAREJO SAO FRANCISCO;153035;NATA COM SAL VALEMILK 200G;3,00%
SUPER LAGOA;-;120345;QUEIJO COALHO LIGHT VALEMILK 500G;3,00%
REDE POUPE MAX;SUPER CUMBUCO;120345;QUEIJO COALHO LIGHT VALEMILK 500G;3,00%
-;ATACAREJO SAO FRANCISCO;120345;QUEIJO COALHO LIGHT VALEMILK 500G;3,00%
SUPER DO POVO;-;120345;QUEIJO COALHO LIGHT VALEMILK 500G;3,00%
REDE UNIFORCA;SANTA EDWIGES SUPERMERCADO;120345;QUEIJO COALHO LIGHT VALEMILK 500G;3,00%
REDE PARCERIA;MIRELLY;120345;QUEIJO COALHO LIGHT VALEMILK 500G;3,00%
-;MK MERCANTIL;120345;QUEIJO COALHO LIGHT VALEMILK 500G;3,00%
REDE PARCERIA;MIRELLY;120290;QUEIJO COALHO TRAD VALEMILK 4KG;3,00%
REDE POUPE MAX;SUPER CUMBUCO;120290;QUEIJO COALHO TRAD VALEMILK 4KG;3,00%
REDE UNIFORCA;SANTA EDWIGES SUPERMERCADO;120290;QUEIJO COALHO TRAD VALEMILK 4KG;3,00%
SUPER DO POVO;-;120290;QUEIJO COALHO TRAD VALEMILK 4KG;3,00%
SUPER LAGOA;-;120290;QUEIJO COALHO TRAD VALEMILK 4KG;3,00%
SUPER LAGOA;-;120245;QUEIJO COALHO TRAD VALEMILK 500G;3,00%
SUPER DO POVO;-;120245;QUEIJO COALHO TRAD VALEMILK 500G;3,00%
-;MK MERCANTIL;120245;QUEIJO COALHO TRAD VALEMILK 500G;3,00%
-;ATACAREJO SAO FRANCISCO;120245;QUEIJO COALHO TRAD VALEMILK 500G;3,00%
REDE PARCERIA;MIRELLY;120245;QUEIJO COALHO TRAD VALEMILK 500G;3,00%
REDE UNIFORCA;SANTA EDWIGES SUPERMERCADO;120245;QUEIJO COALHO TRAD VALEMILK 500G;3,00%
REDE POUPE MAX;SUPER CUMBUCO;120245;QUEIJO COALHO TRAD VALEMILK 500G;3,00%
REDE POUPE MAX;SUPER CUMBUCO;120445;QUEIJO COALHO ZERO LAC VALEMILK 500G;3,00%
-;ATACAREJO SAO FRANCISCO;120445;QUEIJO COALHO ZERO LAC VALEMILK 500G;3,00%
SUPER DO POVO;-;120445;QUEIJO COALHO ZERO LAC VALEMILK 500G;3,00%
REDE PARCERIA;MIRELLY;120445;QUEIJO COALHO ZERO LAC VALEMILK 500G;3,00%
REDE UNIFORCA;SANTA EDWIGES SUPERMERCADO;120445;QUEIJO COALHO ZERO LAC VALEMILK 500G;3,00%
-;MK MERCANTIL;120445;QUEIJO COALHO ZERO LAC VALEMILK 500G;3,00%
SUPER LAGOA;-;120445;QUEIJO COALHO ZERO LAC VALEMILK 500G;3,00%
REDE POUPE MAX;SUPER CUMBUCO;121135;QUEIJO MINAS FRESCAL LIGHT VALEMILK 250G;3,00%
-;ATACAREJO SAO FRANCISCO;121135;QUEIJO MINAS FRESCAL LIGHT VALEMILK 250G;3,00%
SUPER DO POVO;-;121135;QUEIJO MINAS FRESCAL LIGHT VALEMILK 250G;3,00%
REDE PARCERIA;MIRELLY;121135;QUEIJO MINAS FRESCAL LIGHT VALEMILK 250G;3,00%
-;MK MERCANTIL;121135;QUEIJO MINAS FRESCAL LIGHT VALEMILK 250G;3,00%
REDE UNIFORCA;SANTA EDWIGES SUPERMERCADO;121135;QUEIJO MINAS FRESCAL LIGHT VALEMILK 250G;3,00%
SUPER LAGOA;-;121135;QUEIJO MINAS FRESCAL LIGHT VALEMILK 250G;3,00%
REDE POUPE MAX;SUPER CUMBUCO;121035;QUEIJO MINAS FRESCAL TRAD VALEMILK 250G;3,00%
-;ATACAREJO SAO FRANCISCO;121035;QUEIJO MINAS FRESCAL TRAD VALEMILK 250G;3,00%
SUPER DO POVO;-;121035;QUEIJO MINAS FRESCAL TRAD VALEMILK 250G;3,00%
-;MK MERCANTIL;121035;QUEIJO MINAS FRESCAL TRAD VALEMILK 250G;3,00%
REDE UNIFORCA;SANTA EDWIGES SUPERMERCADO;121035;QUEIJO MINAS FRESCAL TRAD VALEMILK 250G;3,00%
REDE PARCERIA;MIRELLY;121035;QUEIJO MINAS FRESCAL TRAD VALEMILK 250G;3,00%
SUPER LAGOA;-;121035;QUEIJO MINAS FRESCAL TRAD VALEMILK 250G;3,00%
REDE POUPE MAX;SUPER CUMBUCO;121235;QUEIJO MINAS FRESCAL ZERO VALEMILK 250G;3,00%
-;ATACAREJO SAO FRANCISCO;121235;QUEIJO MINAS FRESCAL ZERO VALEMILK 250G;3,00%
-;MK MERCANTIL;121235;QUEIJO MINAS FRESCAL ZERO VALEMILK 250G;3,00%
REDE PARCERIA;MIRELLY;121235;QUEIJO MINAS FRESCAL ZERO VALEMILK 250G;3,00%
SUPER DO POVO;-;121235;QUEIJO MINAS FRESCAL ZERO VALEMILK 250G;3,00%
REDE UNIFORCA;SANTA EDWIGES SUPERMERCADO;121235;QUEIJO MINAS FRESCAL ZERO VALEMILK 250G;3,00%
SUPER LAGOA;-;121235;QUEIJO MINAS FRESCAL ZERO VALEMILK 250G;3,00%
REDE PARCERIA;MAE RAINHA;152130;REQUEIJAO LIGHT VALEMILK 200G;3,00%
-;ATACAREJO SAO FRANCISCO;152130;REQUEIJAO LIGHT VALEMILK 200G;3,00%
-;MK MERCANTIL;152130;REQUEIJAO LIGHT VALEMILK 200G;3,00%
SUPER DO POVO;-;152130;REQUEIJAO LIGHT VALEMILK 200G;3,00%
SUPER LAGOA;-;152130;REQUEIJAO LIGHT VALEMILK 200G;3,00%
REDE PARCERIA;MIRELLY;152130;REQUEIJAO LIGHT VALEMILK 200G;3,00%
REDE POUPE MAX;SUPER CUMBUCO;152130;REQUEIJAO LIGHT VALEMILK 200G;3,00%
REDE UNIFORCA;SANTA EDWIGES SUPERMERCADO;152130;REQUEIJAO LIGHT VALEMILK 200G;3,00%
SUPER DO POVO;-;152150;REQUEIJAO LIGHT VALEMILK 400G;3,00%
-;ATACAREJO SAO FRANCISCO;152150;REQUEIJAO LIGHT VALEMILK 400G;3,00%
REDE PARCERIA;MAE RAINHA;152150;REQUEIJAO LIGHT VALEMILK 400G;3,00%
-;MK MERCANTIL;152150;REQUEIJAO LIGHT VALEMILK 400G;3,00%
REDE PARCERIA;SUPERMERCADO VAREJAO;152150;REQUEIJAO LIGHT VALEMILK 400G;3,00%
SUPER LAGOA;-;152150;REQUEIJAO LIGHT VALEMILK 400G;3,00%
REDE UNIFORCA;SANTA EDWIGES SUPERMERCADO;152150;REQUEIJAO LIGHT VALEMILK 400G;3,00%
REDE PARCERIA;MIRELLY;152150;REQUEIJAO LIGHT VALEMILK 400G;3,00%
REDE POUPE MAX;SUPER CUMBUCO;152150;REQUEIJAO LIGHT VALEMILK 400G;3,00%
REDE PARCERIA;MAE RAINHA;152030;REQUEIJAO TRAD VALEMILK 200G;3,00%
-;ATACAREJO SAO FRANCISCO;152030;REQUEIJAO TRAD VALEMILK 200G;3,00%
-;MK MERCANTIL;152030;REQUEIJAO TRAD VALEMILK 200G;3,00%
SUPER DO POVO;-;152030;REQUEIJAO TRAD VALEMILK 200G;3,00%
SUPER LAGOA;-;152030;REQUEIJAO TRAD VALEMILK 200G;3,00%
REDE POUPE MAX;SUPER CUMBUCO;152030;REQUEIJAO TRAD VALEMILK 200G;3,00%
REDE PARCERIA;MIRELLY;152030;REQUEIJAO TRAD VALEMILK 200G;3,00%
REDE UNIFORCA;SANTA EDWIGES SUPERMERCADO;152030;REQUEIJAO TRAD VALEMILK 200G;3,00%
SUPER DO POVO;-;152050;REQUEIJAO TRAD VALEMILK 400G;3,00%
-;ATACAREJO SAO FRANCISCO;152050;REQUEIJAO TRAD VALEMILK 400G;3,00%
REDE PARCERIA;MAE RAINHA;152050;REQUEIJAO TRAD VALEMILK 400G;3,00%
-;MK MERCANTIL;152050;REQUEIJAO TRAD VALEMILK 400G;3,00%
REDE PARCERIA;SUPERMERCADO VAREJAO;152050;REQUEIJAO TRAD VALEMILK 400G;3,00%
SUPER LAGOA;-;152050;REQUEIJAO TRAD VALEMILK 400G;3,00%
REDE UNIFORCA;SANTA EDWIGES SUPERMERCADO;152050;REQUEIJAO TRAD VALEMILK 400G;3,00%
REDE POUPE MAX;SUPER CUMBUCO;152050;REQUEIJAO TRAD VALEMILK 400G;3,00%
REDE PARCERIA;MIRELLY;152050;REQUEIJAO TRAD VALEMILK 400G;3,00%
REDE PARCERIA;SUPERMERCADO VAREJAO;152230;REQUEIJAO ZERO LAC VALEMILK 200G;3,00%
SUPER DO POVO;-;152230;REQUEIJAO ZERO LAC VALEMILK 200G;3,00%
SUPER LAGOA;-;152230;REQUEIJAO ZERO LAC VALEMILK 200G;3,00%
REDE POUPE MAX;SUPER CUMBUCO;152230;REQUEIJAO ZERO LAC VALEMILK 200G;3,00%
REDE PARCERIA;MIRELLY;152230;REQUEIJAO ZERO LAC VALEMILK 200G;3,00%
-;MK MERCANTIL;152230;REQUEIJAO ZERO LAC VALEMILK 200G;3,00%
REDE PARCERIA;MAE RAINHA;152230;REQUEIJAO ZERO LAC VALEMILK 200G;3,00%
-;ATACAREJO SAO FRANCISCO;152230;REQUEIJAO ZERO LAC VALEMILK 200G;3,00%
REDE UNIFORCA;SANTA EDWIGES SUPERMERCADO;152230;REQUEIJAO ZERO LAC VALEMILK 200G;3,00%
REDE POUPE MAX;SUPER CUMBUCO;121835;RICOTA VALEMILK 200G;3,00%
SUPER DO POVO;-;121835;RICOTA VALEMILK 200G;3,00%
SUPER LAGOA;-;121835;RICOTA VALEMILK 200G;3,00%
REDE UNIFORCA;SANTA EDWIGES SUPERMERCADO;121835;RICOTA VALEMILK 200G;3,00%
REDE PARCERIA;MIRELLY;121835;RICOTA VALEMILK 200G;3,00%
-;ATACAREJO SAO FRANCISCO;121835;RICOTA VALEMILK 200G;3,00%
-;MK MERCANTIL;121835;RICOTA VALEMILK 200G;3,00%
REDE UNIFORCA;PARA TY;168454;BEBIDA LACTEA BANDEJA MOR/SF VALEMILK 540G;
PINHEIRO;-;168454;BEBIDA LACTEA BANDEJA MOR/SF VALEMILK 540G;2,00%
PINHEIRO;-;268054;BEBIDA LACTEA BANDEJA MORANGO DIPAULA 510G;2,00%
REDE UNIFORCA;PARA TY;268054;BEBIDA LACTEA BANDEJA MORANGO DIPAULA 510G;
REDE UNIFORCA;PARA TY;168054;BEBIDA LACTEA BANDEJA MORANGO VALEMILK 540G;
PINHEIRO;-;168054;BEBIDA LACTEA BANDEJA MORANGO VALEMILK 540G;2,00%
REDE UNIFORCA;PARA TY;138265;BEBIDA LACTEA DE AMEIXA VALEMILK 900G;
PINHEIRO;-;138265;BEBIDA LACTEA DE AMEIXA VALEMILK 900G;2,00%
REDE UNIFORCA;PARA TY;138365;BEBIDA LACTEA DE GOIABA VALEMILK 900G;
PINHEIRO;-;138365;BEBIDA LACTEA DE GOIABA VALEMILK 900G;2,00%
REDE UNIFORCA;PARA TY;138465;BEBIDA LACTEA DE GRAVIOLA VALEMILK 900G;
PINHEIRO;-;138465;BEBIDA LACTEA DE GRAVIOLA VALEMILK 900G;2,00%
PINHEIRO;-;238070;BEBIDA LACTEA DE MORANGO DIPAULA 900G;2,00%
REDE UNIFORCA;PARA TY;238070;BEBIDA LACTEA DE MORANGO DIPAULA 900G;
REDE UNIFORCA;PARA TY;138070;BEBIDA LACTEA DE MORANGO VALEMILK 900G;
PINHEIRO;-;138070;BEBIDA LACTEA DE MORANGO VALEMILK 900G;2,00%
REDE UNIFORCA;PARA TY;138170;BEBIDA LACTEA DE SALADA DE FRUTA VALEMILK 900G;
PINHEIRO;-;138170;BEBIDA LACTEA DE SALADA DE FRUTA VALEMILK 900G;2,00%
PINHEIRO;-;177201;COALHADA DESNATADA VALEMILK 140G;2,00%
REDE UNIFORCA;PARA TY;177201;COALHADA DESNATADA VALEMILK 140G;
PINHEIRO;-;177001;COALHADA INTEGRAL VALEMILK 140G;2,00%
REDE UNIFORCA;PARA TY;177001;COALHADA INTEGRAL VALEMILK 140G;
REDE UNIFORCA;PARA TY;154520;DOCE DE LEITE VALEMILK 350G;
PINHEIRO;-;154520;DOCE DE LEITE VALEMILK 350G;2,00%
REDE UNIFORCA;PARA TY;154920;DOCE DE LEITE ZERO LACT VALEMILK 300G;
PINHEIRO;-;154920;DOCE DE LEITE ZERO LACT VALEMILK 300G;2,00%
PINHEIRO;-;197201;GAR IOG TRIPLO ZERO AMEIXA VALEMILK 170G;2,00%
REDE UNIFORCA;PARA TY;197201;GAR IOG TRIPLO ZERO AMEIXA VALEMILK 170G;
PINHEIRO;-;197001;GAR IOG TRIPLO ZERO MORANGO VALEMILK 170G;2,00%
REDE UNIFORCA;PARA TY;197001;GAR IOG TRIPLO ZERO MORANGO VALEMILK 170G;
REDE UNIFORCA;PARA TY;188225;GAR IOGURTE AMEIXA VALEMILK 170G;
PINHEIRO;-;188225;GAR IOGURTE AMEIXA VALEMILK 170G;2,00%
REDE UNIFORCA;PARA TY;188085;GAR IOGURTE MORANGO VALEMILK 1,25KG;
PINHEIRO;-;188085;GAR IOGURTE MORANGO VALEMILK 1,25KG;2,00%
REDE UNIFORCA;PARA TY;188025;GAR IOGURTE MORANGO VALEMILK 170G;
PINHEIRO;-;188025;GAR IOGURTE MORANGO VALEMILK 170G;2,00%
REDE UNIFORCA;PARA TY;188065;GAR IOGURTE MORANGO VALEMILK 900G;
PINHEIRO;-;188065;GAR IOGURTE MORANGO VALEMILK 900G;2,00%
REDE UNIFORCA;PARA TY;188185;GAR IOGURTE VITAMINA DE FRUTAS VALEMILK 1,25KG;
PINHEIRO;-;188185;GAR IOGURTE VITAMINA DE FRUTAS VALEMILK 1,25KG;2,00%
REDE UNIFORCA;PARA TY;188125;GAR IOGURTE VITAMINA DE FRUTAS VALEMILK 170G;
PINHEIRO;-;188125;GAR IOGURTE VITAMINA DE FRUTAS VALEMILK 170G;2,00%
REDE UNIFORCA;PARA TY;188165;GAR IOGURTE VITAMINA DE FRUTAS VALEMILK 900G;
PINHEIRO;-;188165;GAR IOGURTE VITAMINA DE FRUTAS VALEMILK 900G;2,00%
PINHEIRO;-;187301;IOGURTE BICAMADA MORANGO VALEMILK 130G;2,00%
REDE UNIFORCA;PARA TY;187301;IOGURTE BICAMADA MORANGO VALEMILK 130G;
REDE UNIFORCA;PARA TY;187201;IOGURTE NATURAL DESNATADO VALEMILK 150G;
PINHEIRO;-;187201;IOGURTE NATURAL DESNATADO VALEMILK 150G;2,00%
REDE UNIFORCA;PARA TY;187001;IOGURTE NATURAL INTEGRAL VALEMILK 150G;
PINHEIRO;-;187001;IOGURTE NATURAL INTEGRAL VALEMILK 150G;2,00%
REDE UNIFORCA;PARA TY;187401;IOGURTE NATURAL LAR/CEN/MEL VALEMILK 150G;
PINHEIRO;-;187401;IOGURTE NATURAL LAR/CEN/MEL VALEMILK 150G;2,00%
PINHEIRO;-;198081;IOGURTE WHEY BAUNILHA VALEMILK 170G;2,00%
REDE UNIFORCA;-;198081;IOGURTE WHEY BAUNILHA VALEMILK 170G;2,00%
REDE UNIFORCA;PARA TY;198081;IOGURTE WHEY BAUNILHA VALEMILK 170G;
PINHEIRO;-;198041;IOGURTE WHEY MORANGO VALEMILK 170G;2,00%
REDE UNIFORCA;-;198041;IOGURTE WHEY MORANGO VALEMILK 170G;2,00%
REDE UNIFORCA;PARA TY;198041;IOGURTE WHEY MORANGO VALEMILK 170G;
PINHEIRO;-;198001;IOGURTE WHEY TRADICIONAL VALEMILK 170G;2,00%
REDE UNIFORCA;-;198001;IOGURTE WHEY TRADICIONAL VALEMILK 170G;2,00%
REDE UNIFORCA;PARA TY;198001;IOGURTE WHEY TRADICIONAL VALEMILK 170G;
REDE UNIFORCA;PARA TY;152515;MANTEIGA DA TERRA VALEMILK 190G;
PINHEIRO;-;152515;MANTEIGA DA TERRA VALEMILK 190G;2,00%
PINHEIRO;-;152560;MANTEIGA GHEE VALEMILK 160G;2,00%
REDE UNIFORCA;PARA TY;152560;MANTEIGA GHEE VALEMILK 160G;
REDE UNIFORCA;PARA TY;152530;MANTEIGA VALEMILK 200G;
PINHEIRO;-;152530;MANTEIGA VALEMILK 200G;2,00%
REDE UNIFORCA;PARA TY;152545;MANTEIGA VALEMILK 500G;
PINHEIRO;-;152545;MANTEIGA VALEMILK 500G;2,00%
REDE UNIFORCA;PARA TY;252130;MISTURA DE REQUEIJAO LIGHT DIPAULA 200G;
PINHEIRO;-;252130;MISTURA DE REQUEIJAO LIGHT DIPAULA 200G;2,00%
REDE UNIFORCA;PARA TY;252030;MISTURA DE REQUEIJAO TRAD DIPAULA 200G;
PINHEIRO;-;252030;MISTURA DE REQUEIJAO TRAD DIPAULA 200G;2,00%
PINHEIRO;-;153035;NATA COM SAL VALEMILK 200G;2,00%
REDE UNIFORCA;PARA TY;153035;NATA COM SAL VALEMILK 200G;
PINHEIRO;-;120345;QUEIJO COALHO LIGHT VALEMILK 500G;2,00%
PINHEIRO;-;120245;QUEIJO COALHO TRAD VALEMILK 500G;2,00%
PINHEIRO;-;120445;QUEIJO COALHO ZERO LAC VALEMILK 500G;2,00%
PINHEIRO;-;121135;QUEIJO MINAS FRESCAL LIGHT VALEMILK 250G;2,00%
PINHEIRO;-;121035;QUEIJO MINAS FRESCAL TRAD VALEMILK 250G;2,00%
PINHEIRO;-;121235;QUEIJO MINAS FRESCAL ZERO VALEMILK 250G;2,00%
REDE UNIFORCA;PARA TY;152130;REQUEIJAO LIGHT VALEMILK 200G;
PINHEIRO;-;152130;REQUEIJAO LIGHT VALEMILK 200G;2,00%
REDE UNIFORCA;PARA TY;152150;REQUEIJAO LIGHT VALEMILK 400G;
PINHEIRO;-;152150;REQUEIJAO LIGHT VALEMILK 400G;2,00%
REDE UNIFORCA;PARA TY;152030;REQUEIJAO TRAD VALEMILK 200G;
PINHEIRO;-;152030;REQUEIJAO TRAD VALEMILK 200G;2,00%
REDE UNIFORCA;PARA TY;152050;REQUEIJAO TRAD VALEMILK 400G;
PINHEIRO;-;152050;REQUEIJAO TRAD VALEMILK 400G;2,00%
PINHEIRO;-;152230;REQUEIJAO ZERO LAC VALEMILK 200G;2,00%
REDE UNIFORCA;PARA TY;152230;REQUEIJAO ZERO LAC VALEMILK 200G;
PINHEIRO;-;121835;RICOTA VALEMILK 200G;2,00%
-;POPULAR ATACADISTA;120345;QUEIJO COALHO LIGHT VALEMILK 500G;1,00%
-;POPULAR ATACADISTA;120290;QUEIJO COALHO TRAD VALEMILK 4KG;1,00%
-;POPULAR ATACADISTA;120245;QUEIJO COALHO TRAD VALEMILK 500G;1,00%
-;POPULAR ATACADISTA;120445;QUEIJO COALHO ZERO LAC VALEMILK 500G;1,00%
-;POPULAR ATACADISTA;121135;QUEIJO MINAS FRESCAL LIGHT VALEMILK 250G;1,00%
-;POPULAR ATACADISTA;121035;QUEIJO MINAS FRESCAL TRAD VALEMILK 250G;1,00%
-;POPULAR ATACADISTA;121235;QUEIJO MINAS FRESCAL ZERO VALEMILK 250G;1,00%
-;POPULAR ATACADISTA;121835;RICOTA VALEMILK 200G;1,00%
